Entry	Gene Names (primary)	Entry Name
A0A0B5A8P4		INS3A_CONGE
A0A0B5AC95		INS1A_CONGE
A0A0G2KQY6	slc39a14	S39AE_DANRE
A0A0G2KTI4	slc12a2	S12A2_DANRE
A0A0G2L7I0	sprtn	SPRTN_DANRE
A0A0N9E2K8	mmp21	MMP21_DANRE
A0A0R4I9Y1	rnf213b	R213B_DANRE
A0A0R4IBK5	rnf213a	R213A_DANRE
A0A0R4IDP3	zdhhc15a	ZH15A_DANRE
A0A0R4IDX9	ninj1	NINJ1_DANRE
A0A0R4IEW8	elavl4	ELAV4_DANRE
A0A0R4IGV4	jam2a	JAM2A_DANRE
A0A0R4IKJ1	pcif1	CAPAM_DANRE
A0A0R4IKU3	reck	RECK_DANRE
A0A0R4IMY7	trpm2	TRPM2_DANRE
A0A0R4IVA4	cdc14ab	CC14A_DANRE
A0A0R4IVV0	mttp	MTP_DANRE
A0A0R4IXF6	kat2a	KAT2A_DANRE
A0A0R4IY06	plaat1	PLAT1_DANRE
A0A0R4IZ84	smg6	EST1A_DANRE
A0A193KX02	tomt	TOMT_DANRE
A0A1D5NS60	znf16l	ZN16L_DANRE
A0A1D5NSK0	cirop	CIROP_DANRE
A0A1Z2R986	eng	EGLN_DANRE
A0A286Y9D1	phf14	PHF14_DANRE
A0A2R8Q1W5	keap1b	KEP1B_DANRE
A0A2R8QCI3	ccdc88c	DAPLE_DANRE
A0A2R9YJI3	gpr22a	GPR22_DANRE
A0A386CAB9	nlrp1	NLRP1_DANRE
A0JMD4	tpcn2	TPC2_DANRE
A0JMQ9	zranb1b	ZRN1B_DANRE
A0JPF9	crppa	ISPD_DANRE
A0MGZ7	hs6st3b	H6S3B_DANRE
A0MSJ1	col27a1b	CRA1B_DANRE
A0MTA1	apex1	APEX1_DANRE
A0T2N3	aplnrb	APJB_DANRE
A1A5H8	yes1	YES_DANRE
A1L1N5	hnf1ba	HN1BA_DANRE
A1L1V4	loxl2b	LOL2B_DANRE
A1L259	urad	URAD_DANRE
A1L2G3	bap1	BAP1_DANRE
A1Y9I9	Tomt	TOMT_MOUSE
A1YB07	amotl2a	AMOL2_DANRE
A2BGM5	foxn4	FOXN4_DANRE
A2BIE7	tapt1	TAPT1_DANRE
A2BIL7	baz1b	BAZ1B_DANRE
A2CEH0	poc1b	POC1B_DANRE
A2CEI6	piwil2	PIWL2_DANRE
A2RU14	TMEM218	TM218_HUMAN
A2SWM2	spns2	SPNS2_DANRE
A2T928	rargb	RARGB_DANRE
A3KNA7	srebf2	SRBP2_DANRE
A3KNL5	atp5if1a	ATF1A_DANRE
A3KP59	riox1	RIOX1_DANRE
A3KPA0	jam3b	JAM3B_DANRE
A3KPA3	naa60	NAA60_DANRE
A3KPP3	rangrf	MOG1_DANRE
A3KPQ7	cemip2	CEIP2_DANRE
A3KPW9	Bag6	BAG6_DANRE
A3KQH2	iqcg	DRC9_DANRE
A3QJU3	coq8b	COQ8B_DANRE
A4IG62	supv3l1	SUV3_DANRE
A5D8S5	sh3rf1	SH3R1_DANRE
A5HAK0	rnasel3	RNSL3_DANRE
A5PN09	usp20	UBP20_DANRE
A5PN28	otol1a	OTO1A_DANRE
A5WVX9	zdhhc17	ZDH17_DANRE
A5WWA0	znrf3	ZNRF3_DANRE
A7MBL8	pkn2	PKN2_DANRE
A7MBS7	thsd7aa	THS7A_DANRE
A7YE96	ttc30a	TT30A_DANRE
A8C984	mylk3	MYLK3_DANRE
A8CVX7	ttll6	TTLL6_DANRE
A8DZE6	wtip	WTIP_DANRE
A8DZH4	xpr1	XPR1_DANRE
A8HAL1	usp16	UBP16_DANRE
A8WFU8	kif22	KIF22_DANRE
A8WGA0	cyp27c1	C27C1_DANRE
A8WGB1	ccbe1	CCBE1_DANRE
A8WGP3	ppp4ca	PP4CA_DANRE
A8WIP6	cdk20	CDK20_DANRE
A9C3R8	rpe65c	RP65C_DANRE
A9C3R9	rpe65b	RP65B_DANRE
A9ULR9	kctd13	BACD1_DANRE
B0BF33	pkp2	PKP2_DANRE
B0R0I6	chd8	CHD8_DANRE
B0S5N4	plxna3	PLXA3_DANRE
B0S6T2	slc15a2	S15A2_DANRE
B0V1P1	mc4r	MC4R_DANRE
B1NWR6		NA228_NEMVE
B1NWS4		NA225_NEMVE
B1Q006	mboat4	MBOA4_DANRE
B2ZFP3	smarcal1	SMAL1_DANRE
B3DH20	dnaaf11	DAA11_DANRE
B3DIV9	klhl40a	KL40A_DANRE
B3DJT0	sart3	SART3_DANRE
B3DK56	ptpru	PTPRU_DANRE
B3G515	gper1	GPER1_DANRE
B5DE31	ybx1	YBOX1_DANRE
B6ZK77	il1rapl1b	IRL1B_DANRE
B7SXM5	ier2	IER2_DANRE
B8A4F0	zdhhc16a	ZD16A_DANRE
B8A4W9	loxl3b	LOX3B_DANRE
B8JI71	eys	EYS_DANRE
B8JLQ9	cpo	CBPO_DANRE
B8PYG1	nsmf	NSMF_DANRE
B8XY56	rnaset2	RNT2_DANRE
C5J7W8	smg1	SMG1_DANRE
C6KFA3	adgrg6	AGRG6_DANRE
D2CLZ9	atoh8	ATOH8_DANRE
E3PQQ8	conoCAP	CCAP_CONVL
E7EZF3	uhrf1	UHRF1_DANRE
E7EZG2	myo9aa	MY9AA_DANRE
E7F1H9	ythdf2	YTHD2_DANRE
E7F3F0	myo9ab	MY9AB_DANRE
E7F3I6	clp1	CLP1_DANRE
E7F4N7	sting1	STING_DANRE
E7F568	cobl	COBL_DANRE
E7F587	zdhhc20b	ZD20B_DANRE
E7F590	vps41	VPS41_DANRE
E7F594	gpr137ba	G137B_DANRE
E7F6F7	abcb7	ABCB7_DANRE
E7F7X0	lmod3	LMOD3_DANRE
E7F9L8	myo1d	MYO1D_DANRE
E7FAG6	ambra1a	AMR1A_DANRE
E7FAM5	trim71	LIN41_DANRE
E7FB98	ubiad1	UBIA1_DANRE
E7FBY6	adgra2	AGRA2_DANRE
E7FCP8	nags	NAGS_DANRE
E7FDB3	nanos1	NANO1_DANRE
E7FE13	lgr4	LGR4_DANRE
E9QBI7	oma1	OMA1_DANRE
E9QDC5	hwa	HWA_DANRE
E9QG68	usp45	UBP45_DANRE
E9QJ30	klhl40b	KL40B_DANRE
E9QJ73	cxcr3.2	CXR32_DANRE
F1PRN2	MYO1D	MYO1D_CANLF
F1Q4R9	meox1	MEOX1_DANRE
F1Q506	snx10a	SNXAA_DANRE
F1Q7H8	zdhhc20a	ZD20A_DANRE
F1Q8K0	rad54l	RAD54_DANRE
F1Q8X5	fermt2	FERM2_DANRE
F1QBY1	nipblb	NIPLB_DANRE
F1QC45	rp2	XRP2_DANRE
F1QCP6	tafazzin	TAZ_DANRE
F1QCV2	hdac10	HDA10_DANRE
F1QDF8	foxj1a	FXJ1A_DANRE
F1QEB7	wdr11	WDR11_DANRE
F1QFS9	usp13	UBP13_DANRE
F1QG30	smpd5	NSMA5_DANRE
F1QGH7	ctnnb1	CTNB1_DANRE
F1QGZ6	melk	MELK_DANRE
F1QLP1	hsd11b2	DHI2_DANRE
F1QLY4	roraa	RORAA_DANRE
F1QN48	fam53b	FA53B_DANRE
F1QN54	kif3b	KIF3B_DANRE
F1QNW4	gas8	DRC4_DANRE
F1QQA8	znf219	ZN219_DANRE
F1QQC3	loxl2a	LOL2A_DANRE
F1QQI2	spx	SPXN1_DANRE
F1QR43	glceb	GLCEB_DANRE
F1QSQ0	dsc2l	DSC2L_DANRE
F1QU13	alpk2	ALPK2_DANRE
F1QVU0	ltk	LTK_DANRE
F1QWA8	sarm1	SARM1_DANRE
F1QXD3	zdhhc15b	ZH15B_DANRE
F1QZ88	e2f8	E2F8_DANRE
F1R0H0	slc2a10	GTR10_DANRE
F1R237	tdrd6	TDRD6_DANRE
F1R2J1	pnx	PNX_DANRE
F1R345	ddx11	DDX11_DANRE
F1R4C4	pias4a	PIS4A_DANRE
F1R4U0	slc25a1b	TXTPB_DANRE
F1R5H6	brd4	BRD4_DANRE
F1R777	mettl3	MTA70_DANRE
F1RA39	mical2b	MCA2B_DANRE
F1RAX4	stra6	STRA6_DANRE
F1RBC8	abcd1	ABCD1_DANRE
F1RCP1	becn1	BECN1_DANRE
F1RCY6	upf1	RENT1_DANRE
F1RD40	mycbp2	MYCB2_DANRE
F1RD85	loxl3a	LOX3A_DANRE
F1RDG9	fynb	FYNB_DANRE
F1RE08	ptgis	PTGIS_DANRE
F1RE57	zdhhc3a	DHC3A_DANRE
F1RET2	smyd5	SMYD5_DANRE
F1REV3	krit1	KRIT1_DANRE
F5HSE3	nipbla	NIPLA_DANRE
F8W2M1	hace1	HACE1_DANRE
F8W2M8	tpp1	TPP1_DANRE
F8W3R9	alk	ALK_DANRE
F8W4H9	mrap2a	MRP2A_DANRE
G5EGJ5	ida-1	IDA1_CAEEL
G8XYX6	slc16a2	MOT8_DANRE
H0WFA5	buc	BUCKY_DANRE
H2EQR6	dsg2.1	DSG21_DANRE
H2LRU7	pkd2	PKD2_ORYLA
L7YAI7	b4gat1	B4GA1_DANRE
O00541	PES1	PESC_HUMAN
O00548	DLL1	DLL1_HUMAN
O00584	RNASET2	RNT2_HUMAN
O12990	jak1	JAK1_DANRE
O13033	rag1	RAG1_DANRE
O13034	rag2	RAG2_DANRE
O13146	epha3	EPHA3_DANRE
O13147	ephb3	EPHB3_DANRE
O13148	epha4a	EPA4A_DANRE
O15066	KIF3B	KIF3B_HUMAN
O15259	NPHP1	NPHP1_HUMAN
O35245	Pkd2	PKD2_MOUSE
O42145	cyp19a1a	C19AA_DANRE
O42182	fbln1	FBLN1_DANRE
O42202	neurod1	NDF1_DANRE
O42222	mstnb	GDF8_DANRE
O42248	gnb2l1	GBLP_DANRE
O42250	vsx1	VSX1_DANRE
O42354	mdm2	MDM2_DANRE
O42358	rx3	RX3_DANRE
O42363	apoa1	APOA1_DANRE
O42364	apoeb	APOEB_DANRE
O42477	vsx2	VSX2_DANRE
O42601	sox17b.1	S17B1_XENLA
O42606	neurog1	NGN1_DANRE
O43747	AP1G1	AP1G1_HUMAN
O43865	AHCYL1	SAHH2_HUMAN
O54724	Cavin1	CAVN1_MOUSE
O54908	Dkk1	DKK1_MOUSE
O57341	fgf8a	FGF8A_DANRE
O57460	tll1	TLL1_DANRE
O57472	chd	CHRD_DANRE
O57474	gja1	CXA1_DANRE
O57521	hsp90ab1	HS90B_DANRE
O60216	RAD21	RAD21_HUMAN
O70324	Slc16a2	MOT8_MOUSE
O73682	vegfaa	VGFAA_DANRE
O73791	tie2	TIE2_DANRE
O73864	wnt11	WNT11_DANRE
O73872	sod1	SODC_DANRE
O73874	efnb2a	EFNB2_DANRE
O73875	ephb4a	EPB4A_DANRE
O75072	FKTN	FKTN_HUMAN
O75161	NPHP4	NPHP4_HUMAN
O75909	CCNK	CCNK_HUMAN
O88444	Adcy1	ADCY1_MOUSE
O93430	glra1	GLRA1_DANRE
O93507	tal1	TAL1_DANRE
O94832	MYO1D	MYO1D_HUMAN
O95235	KIF20A	KI20A_HUMAN
O95551	TDP2	TYDP2_HUMAN
O95639	CPSF4	CPSF4_HUMAN
P07315	CRYGC	CRGC_HUMAN
P09015	eng2a	HME2A_DANRE
P0C248		COW_CONAA
P0CB65	srrm4	SRRM4_DANRE
P0CF52	jhdm1db	KDM7B_DANRE
P0CH90		NA237_NEMVE
P0CH95	phf8	PHF8_DANRE
P0CI65	nphp3	NPHP3_DANRE
P0DL49		NA12_ANEVI
P0DM64	mrap2b	MRP2B_DANRE
P0DMC2	apela	ELA_DANRE
P0DOC7	npas4l	NPS4L_DANRE
P0DPQ9	bncr	BNCR_DANRE
P11716	RYR1	RYR1_RABIT
P12931	SRC	SRC_HUMAN
P13297	Msx1	MSX1_MOUSE
P13497	BMP1	BMP1_HUMAN
P23416	GLRA2	GLRA2_HUMAN
P24257	wnt1	WNT1_DANRE
P26630	pax6a	PAX6_DANRE
P26632	egr1	EGR1_DANRE
P27635	RPL10	RL10_HUMAN
P28845	HSD11B1	DHI1_HUMAN
P30957	RYR2	RYR2_RABIT
P33205	foxa4-a	FXA4A_XENLA
P35359	rho	OPSD_DANRE
P35621	dvr1	DVR1_DANRE
P36021	SLC16A2	MOT8_HUMAN
P36896	ACVR1B	ACV1B_HUMAN
P37058	HSD17B3	DHB3_HUMAN
P39210	MPV17	MPV17_HUMAN
P42227	Stat3	STAT3_MOUSE
P42232	Stat5b	STA5B_MOUSE
P46530	notch1a	NOTC1_DANRE
P47793	wnt4a	WNT4A_DANRE
P48802	fgf3	FGF3_DANRE
P49916	LIG3	DNLI3_HUMAN
P50392	pla2g4a	PA24A_DANRE
P50574	dlx2a	DLX2A_DANRE
P50576	dlx5a	DLX5A_DANRE
P50982		CA1A_CONER
P51028	wnt8a	WNT8A_DANRE
P51029	wnt8b	WNT8B_DANRE
P51661	Hsd11b2	DHI2_MOUSE
P52161	max	MAX_DANRE
P53350	PLK1	PLK1_HUMAN
P53405	isl1	ISL1_DANRE
P53406	isl2a	ISL2A_DANRE
P55863	sox3-a	SOX3A_XENLA
P56224	pou3f3a	P3F3A_DANRE
P57076	CFAP298	CF298_HUMAN
P57094	axin1	AXIN1_DANRE
P57095	axin2	AXIN2_DANRE
P57102	hand2	HAND2_DANRE
P57717	esr1	ESR1_DANRE
P59015	vps18	VPS18_DANRE
P59723	hif1an	HIF1N_DANRE
P61516	hamp1	HEPC1_DANRE
P61620	Sec61a1	S61A1_MOUSE
P62070	RRAS2	RRAS2_HUMAN
P62805	H4C1; H4C2; H4C3; H4C4; H4C5; H4C6; H4C8; H4C9; H4C11; H4C12; H4C13; H4C14; H4C15; H4C16	H4_HUMAN
P70312	Has2	HYAS2_MOUSE
P79691	shha	SHH_CARAU
P79728	efna5b	EFNA5_DANRE
P79733	rrm2	RIR2_DANRE
P79734	tp53	P53_DANRE
P79735	ran	RAN_DANRE
P79739	cyp26a1	CP26A_DANRE
P79745	pou3f3b	P3F3B_DANRE
P80365	HSD11B2	DHI2_HUMAN
P83571	ruvbl2	RUVB2_DANRE
P85001	cep290	CE290_DANRE
P85857	gdf6a	GDF6A_DANRE
P97399	Dspp	DSPP_MOUSE
Q01702	dlx3b	DLX3B_DANRE
Q03358	Msx2	MSX2_MOUSE
Q03372	Dr	HMSH_DROME
Q05AK6	abhd2b	ABH2B_DANRE
Q06725	nr2f1a	N2F1A_DANRE
Q06ZW3	setdb2	SETB2_DANRE
Q071E0	kmt5aa	KT5AA_DANRE
Q07342	foxa2	FOXA2_DANRE
Q07998	tbxta	TBXTA_DANRE
Q08828	ADCY1	ADCY1_HUMAN
Q08BA4	slc38a9	S38A9_DANRE
Q08BA6	alkbh5	ALKB5_DANRE
Q08BB2	pm20d1.2	P2012_DANRE
Q08BI9	mcu	MCU_DANRE
Q08BS4	ezh2	EZH2_DANRE
Q08C84	smyd4	SMYD4_DANRE
Q08C93	abhd12	ABD12_DANRE
Q08CK7	igf2bp1	IF2B1_DANRE
Q0E671	cmasa	NEUAA_DANRE
Q0V967	fbxo5	FBX5_DANRE
Q12768	WASHC5	WASC5_HUMAN
Q13409	DYNC1I2	DC1I2_HUMAN
Q13496	MTM1	MTM1_HUMAN
Q13547	HDAC1	HDAC1_HUMAN
Q13563	PKD2	PKD2_HUMAN
Q14320	FAM50A	FA50A_HUMAN
Q15465	SHH	SHH_HUMAN
Q155U0	vps51	VPS51_DANRE
Q17R14	MYO1D	MYO1D_BOVIN
Q1ECV4	ttll3	TTLL3_DANRE
Q1ECZ2	keap1a	KEP1A_DANRE
Q1JPY5	cyp51	CYP51_DANRE
Q1JPZ3	src	SRC_DANRE
Q1L673	vdrb	VDRB_DANRE
Q1L8J7	yap1	YAP1_DANRE
Q1L8L9	ak2	KAD2_DANRE
Q1L8X9	slc17a8	VGLU3_DANRE
Q1LU99	ripor2	RIPR2_DANRE
Q1LUC3	kat2b	KAT2B_DANRE
Q1LVF0	lamc1	LAMC1_DANRE
Q1LVI2	yjefn3	YJEN3_DANRE
Q1LVQ7	alx1	ALX1_DANRE
Q1LW01	he1.2	HE12_DANRE
Q1LWG4	lpcat1	PCAT1_DANRE
Q1LWH4	fan1	FAN1_DANRE
Q1LX78	cftr	CFTR_DANRE
Q1LYM3	spire1	SPIR1_DANRE
Q1RLX4	trappc11	TPC11_DANRE
Q1XHL7	grk7b	GRK7B_DANRE
Q287T7	slc25a37	MFRN1_DANRE
Q2EI20	rest	REST_DANRE
Q2HXK8	fgf16	FGF16_DANRE
Q2I6J0	inppl1b	SHP2B_DANRE
Q2I6J1	inppl1a	SHP2A_DANRE
Q2L6L1	cnpy1	CNPY1_DANRE
Q2Q1W2	TRIM71	LIN41_HUMAN
Q2QCI8	med12	MED12_DANRE
Q2TJ95	Rspo3	RSPO3_MOUSE
Q2TJA6	nkd1	NKD1_DANRE
Q2WG80	ripply1	RIPP1_DANRE
Q2XNF5	epo	EPO_DANRE
Q32LT9	pm20d1.1	P2011_DANRE
Q32PV5	tcf21	TCF21_DANRE
Q3LGD4	rab11fip4a	RFP4A_DANRE
Q3SXM5	HSDL1	HSDL1_HUMAN
Q3UIL6	Plekha7	PKHA7_MOUSE
Q3Y4E2	selenon	SELN_DANRE
Q3YL68	b4galt5	B4GT5_DANRE
Q49HM9	grk7a	GRK7A_DANRE
Q4ADV7	RIC1	RIC1_HUMAN
Q4G3H4	chuk	IKKA_DANRE
Q4GZT3	PKD2	PKD2_BOVIN
Q4H4B6	scrib	SCRIB_DANRE
Q4JL91	ippk	IPPK_DANRE
Q4KMD7	tut1	STPAP_DANRE
Q4QRF4	; ; 	H32_DANRE
Q4TTN8	apln	APEL_DANRE
Q4TVV3	ddx46	DDX46_DANRE
Q4U2V3	agtpbp1	CBPC1_DANRE
Q4V920	pacsin1b	PACN1_DANRE
Q4V9F0	dgat2	DGAT2_DANRE
Q4VSN1	dstyk	DUSTY_DANRE
Q4ZJM7	Otol1	OTOL1_MOUSE
Q502I3	cep55	CEP55_DANRE
Q502J0	lpcat2	PCAT2_DANRE
Q502K2	samhd1	SAMH1_DANRE
Q504J1	caspb	CASPB_DANRE
Q52KL1	fitm2	FITM2_DANRE
Q53EZ4	CEP55	CEP55_HUMAN
Q561X9	bdh2	DHRS6_DANRE
Q568P9	henmt1	HENMT_DANRE
Q569C4	Hdac10	HDA10_RAT
Q56A40	ccdc40	CCD40_DANRE
Q58G59	kif7	KIF7_DANRE
Q59W33	GPD2	GPD2_CANAL
Q5BJI7	smyd2a	SMY2A_DANRE
Q5BKW7	enpp6	ENPP6_DANRE
Q5BLG4	zdhhc2	ZDHC2_DANRE
Q5CZR5	aep1	AEP1_DANRE
Q5FWI3	Cemip2	CEIP2_MOUSE
Q5G872	scube2	SCUB2_DANRE
Q5GIT4	kdr	VGFR2_DANRE
Q5HYA8	TMEM67	MKS3_HUMAN
Q5M7Y0	cert1	CERT_DANRE
Q5M9P8	arl6	ARL6_DANRE
Q5MD89	flt4	VGFR3_DANRE
Q5PQZ7	bves	POPD1_DANRE
Q5PR66	ttc26	IFT56_DANRE
Q5PYH6	dlg1	DLG1_DANRE
Q5QNP2	taar13c	TA13C_DANRE
Q5RGJ8	gnptab	GNPTA_DANRE
Q5RGL7	smyd2b	SMY2B_DANRE
Q5RGQ2	prmt8b	ANM8B_DANRE
Q5RGU1	coq8a	COQ8A_DANRE
Q5RHB5	irag2	IRAG2_DANRE
Q5RHD1	kdm7a	KDM7A_DANRE
Q5RHI5	dtl	DTL_DANRE
Q5RHR0	parp1	PARP1_DANRE
Q5RI56	optn	OPTN_DANRE
Q5RIC0	elp3	ELP3_DANRE
Q5RII9	katna1	KTNA1_DANRE
Q5RIX9	e2f7	E2F7_DANRE
Q5RJ80	caprin2	CAPR2_DANRE
Q5SPB1	slc38a2	S38A2_DANRE
Q5SPC5	otof	OTOF_DANRE
Q5SPR8	esco2	ESCO2_DANRE
Q5SYD0	Myo1d	MYO1D_MOUSE
Q5T1H1	EYS	EYS_HUMAN
Q5T2S8	ODAD2	ODAD2_HUMAN
Q5T9L3	WLS	WLS_HUMAN
Q5TYW4	nbas	NBAS_DANRE
Q5TYW6	rsph9	RSPH9_DANRE
Q5TZ07	plpp6	PLPP6_DANRE
Q5TZ18	nav3	NAV3_DANRE
Q5TZ66	snap25a	SN25A_DANRE
Q5U3A7	opa1	OPA1_DANRE
Q5U3H2	kmt5b	KMT5B_DANRE
Q5U3U3	cpt2	CPT2_DANRE
Q5U3U7	mfsd2aa	NLS1A_DANRE
Q5U3W1	pomk	SG196_DANRE
Q5W7F1	asah2	ASAH2_DANRE
Q5W8I7	slc17a6a	VGL2B_DANRE
Q5W8I8	slc17a6b	VGL2A_DANRE
Q5XJ10	gapdh	G3P_DANRE
Q5XJ36	park7	PARK7_DANRE
Q5XJ85	myd88	MYD88_DANRE
Q5XJA0	tdp2	TYDP2_DANRE
Q5XJQ7	osr1	OSR1_DANRE
Q61271	Acvr1b	ACV1B_MOUSE
Q61490	Alcam	CD166_MOUSE
Q63357	Myo1d	MYO1D_RAT
Q64FW2	Retsat	RETST_MOUSE
Q66HT8	adprs	ADPRS_DANRE
Q66I08	slc51a	OSTA_DANRE
Q66IA6	lypd6	LYPD6_DANRE
Q66PG2	large1	LARG1_DANRE
Q673G8	dact2	DACT2_DANRE
Q68EH9	crbn	CRBN_DANRE
Q68EI3	agbl5	CBPC5_DANRE
Q6DBR6	stac3	STAC3_DANRE
Q6DBX4	mastl	GWL_DANRE
Q6DBY2	naa50	NAA50_DANRE
Q6DC04	carm1	CARM1_DANRE
Q6DC64	mettl16	MET16_DANRE
Q6DEJ6	mfsd2ab	NLS1B_DANRE
Q6DG36	slc30a5	ZNT5_DANRE
Q6DG38	gpat3	GPAT3_DANRE
Q6DG85	uox	URIC_DANRE
Q6DGB6	ccdc103	CC103_DANRE
Q6DGD3	suv39h1a	SV91A_DANRE
Q6DGE9	unc45b	UN45B_DANRE
Q6DGH9	otpb	OTBP_DANRE
Q6DGS3	camk2d2	KC2D2_DANRE
Q6DH13	rbpms2a	RBP2A_DANRE
Q6DHF9	six1a	SIX1A_DANRE
Q6DHI1	zdhhc7	ZDHC7_DANRE
Q6DHI5	sirt5	SIR5_DANRE
Q6DHM9	rhoab	RHOAB_DANRE
Q6DHR0	rspo1	RSPO1_DANRE
Q6DI48	dla	DLLA_DANRE
Q6DID7	Wls	WLS_MOUSE
Q6DRB1	gle1	GLE1_DANRE
Q6DRC0	sars1	SYSC_DANRE
Q6DRC3	cfap298	CF298_DANRE
Q6DRG7	ppp1r12a	MYPT1_DANRE
Q6DRP4	ccm2	CCM2_DANRE
Q6E2N3	trim33	TRI33_DANRE
Q6EIG3	cyp26b1	CP26B_DANRE
Q6EJB7	sox3	SOX3_DANRE
Q6EMB2	TTLL5	TTLL5_HUMAN
Q6EWH2	fyna	FYNA_DANRE
Q6GMI9	uxs1	UXS1_DANRE
Q6GMK0	mgat4bQ9UQ53	MGT4B_DANRE
Q6GQN0	cep41	CEP41_DANRE
Q6IQ19	CCSAP	CCSAP_HUMAN
Q6IVV8	pkd2	PKD2_DANRE
Q6IVW0	ift57	IFT57_DANRE
Q6IWL4	traf6	TRAF6_DANRE
Q6JAN0	adgrv1	AGRV1_DANRE
Q6KFX9	rfng	RFNG_DANRE
Q6NSN2	mao	AOF_DANRE
Q6NSN5	adss1	PURA1_DANRE
Q6NW58	spast	SPAST_DANRE
Q6NW59	atf4	ATF4_DANRE
Q6NW76	aurkb	AURKB_DANRE
Q6NWF1	slc2a12	GTR12_DANRE
Q6NWG4	prmt6	ANM6_DANRE
Q6NWH2	marcksl1b	MRPB_DANRE
Q6NWL1	pdcd10b	PD10B_DANRE
Q6NXC0	fmnl3	FMNL3_DANRE
Q6NYH1	ift122	IF122_DANRE
Q6NYL3	ehhadh	ECHP_DANRE
Q6NYV5	sap30l	SP30L_DANRE
Q6NYV8	lclat1	LCLT1_DANRE
Q6NYV9	leo1	LEO1_DANRE
Q6NYW6	clasp2	CLAP2_DANRE
Q6NZ04	six1b	SIX1B_DANRE
Q6P0E1	sox2	SOX2_DANRE
Q6P0F9	insm1a	INS1A_DANRE
Q6P0R8	shtn1	SHOT1_DANRE
Q6P2A1	prdm9	PRDM9_DANRE
Q6P3E7	Hdac10	HDA10_MOUSE
Q6P3G4	ccsap	CCSAP_DANRE
Q6P3K7	csnk1db	KC1DB_DANRE
Q6P689	Wls	WLS_RAT
Q6P7E4	pdlim7	PDLI7_DANRE
Q6P949	phf2	PHF2_DANRE
Q6PBT8	fgf1	FGF1_DANRE
Q6PBW5	rpe65a	RP65A_DANRE
Q6PC64	elovl6	ELOV6_DANRE
Q6PD99	marcksl1a	MRPA_DANRE
Q6PE18	pi4k2a	P4K2A_DANRE
Q6PEH4	utp25	UTP25_DANRE
Q6PFJ9	arih1	ARI1_DANRE
Q6PFM0	jmjd6	JMJD6_DANRE
Q6PGV1	atp6v0d1	VA0D1_DANRE
Q6PGY3	slc25a1a	TXTPA_DANRE
Q6PGZ3	traf3ip1	MIPT3_DANRE
Q6PH17	atat1	ATAT_DANRE
Q6PHH3	pdcd10a	PD10A_DANRE
Q6PI20	h3f3a; h3f3b.1; h3-5; h3f3d	H33_DANRE
Q6QA32	hsd17b3	DHB3_DANRE
Q6QU75	pitx3	PITX3_DANRE
Q6R005	dlg4	DLG4_DANRE
Q6R5J2	disp1	DISP1_DANRE
Q6R8J2	heg	HEG_DANRE
Q6RHR9	Magi1	MAGI1_MOUSE
Q6SJ95	Tbpl2	TBPL2_MOUSE
Q6SJP8	fgf17	FG17_DANRE
Q6T938	fibpb	FIBP_DANRE
Q6TEL1	rad21a	RA21A_DANRE
Q6TEM9	mylipa	MYLIA_DANRE
Q6TEN1	rap1b	RAP1B_DANRE
Q6TV19	dicer1	DICER_DANRE
Q6V9Y8	gpc3	GPC3_DANRE
Q6VY05	Dnd1	DND1_MOUSE
Q6Y7W6	GIGYF2	GGYF2_HUMAN
Q6ZMT4	KDM7A	KDM7A_HUMAN
Q708S6	asic1c	ASI1C_DANRE
Q708S7	asic1a	ASI1A_DANRE
Q708S8	asic1b	ASI1B_DANRE
Q71RS6	SLC24A5	NCKX5_HUMAN
Q76LC6	rbm24	RBM24_DANRE
Q7SX99	fh	FUMH_DANRE
Q7SXE8	cdk9	CDK9_DANRE
Q7SXG4	uba2	SAE2_DANRE
Q7SXM0	hdac8	HDAC8_DANRE
Q7SXN5	dnm1l	DNM1L_DANRE
Q7SXS7	setd3	SETD3_DANRE
Q7SY24	prkcbb	KPCB_DANRE
Q7SYK7	got2a	AATM_DANRE
Q7SYL3	siah2l	SIAH2_DANRE
Q7SYN5	rxrba	RXRBA_DANRE
Q7SZC2	cse1l	XPO2_DANRE
Q7SZE3	llgl2	L2GL2_DANRE
Q7SZK7	ofd1	OFD1_DANRE
Q7SZP9	aplnra	APJA_DANRE
Q7SZS1	sox21a	SX21A_DANRE
Q7T019	dzip1	DZIP1_DANRE
Q7T1H5	dnd	DND1_DANRE
Q7T273	hamp2	HEPC2_DANRE
Q7T2B0	slc44a4	CTL4_DANRE
Q7T2E3	csnk1da	KC1DA_DANRE
Q7T308	rnf168	RN168_DANRE
Q7T322	naa35	NAA35_DANRE
Q7T394	pafah1b1a	LIS1A_DANRE
Q7T3A4	rab13	RAB13_DANRE
Q7T3E5	kyat3	KAT3_DANRE
Q7T3I0	zc4h2	ZC4H2_DANRE
Q7Z3E5	ARMC9	ARMC9_HUMAN
Q7Z494	NPHP3	NPHP3_HUMAN
Q7Z7H3	CATIP	CATIP_HUMAN
Q7ZSX3	ptf1a	PTF1A_DANRE
Q7ZT82	rbfox1l	RFX1L_DANRE
Q7ZTI3	rarab	RARAB_DANRE
Q7ZTU9	tbx2b	TBX2_DANRE
Q7ZU99	vcp	TERA_DANRE
Q7ZUQ3	stk3	STK3_DANRE
Q7ZUS4	sult1st2	ST2S2_DANRE
Q7ZV84	dnaaf1	DAAF1_DANRE
Q7ZVA6	eif4a3	IF4A3_DANRE
Q7ZVE3	tigarb	TIGRB_DANRE
Q7ZVK3	sirt2	SIR2_DANRE
Q7ZVN5	srp54	SRP54_DANRE
Q7ZVS3	plk4	PLK4_DANRE
Q7ZVT3	sass6	SAS6_DANRE
Q7ZW00	agk	AGK_DANRE
Q7ZWA3	rbmx	RBMX_DANRE
Q7ZWC3	nudt1	8ODP_DANRE
Q7ZWE3	larp7	LARP7_DANRE
Q7ZWE9	cmpk	KCY_DANRE
Q7ZWK8	otop1	OTOP1_DANRE
Q800H9	hs6st2	H6ST2_DANRE
Q800Q5	tcf7l1b	T7L1B_DANRE
Q801E0	vax1	VAX1_DANRE
Q801E1	vax2	VAX2_DANRE
Q801G2	paqr7b	MPRAB_DANRE
Q802V6	abhd2a	ABH2A_DANRE
Q802Y8	zbtb16a	ZB16A_DANRE
Q803C1	rnf8	RNF8_DANRE
Q803C3	hdac3	HDAC3_DANRE
Q803D2	pafah1b1b	LIS1B_DANRE
Q803I4	rnf2	RING2_DANRE
Q803L0	lin28a	LN28A_DANRE
Q804Q5	fezf2	FEZF2_DANRE
Q804R0	lbx2	LBX2_DANRE
Q804S5	mib1	MIB1_DANRE
Q804T6	dixdc1a	DIX1A_DANRE
Q80TA6	Mtmr12	MTMRC_MOUSE
Q80W32	Iqcg	DRC9_MOUSE
Q811W2	Cyp26b1	CP26B_MOUSE
Q86SX6	GLRX5	GLRX5_HUMAN
Q86TB3	ALPK2	ALPK2_HUMAN
Q86VD7	SLC25A42	S2542_HUMAN
Q86WU2	LDHD	LDHD_HUMAN
Q8AW52	atoh7	ATOH7_DANRE
Q8AWD2	mocs3	MOCS3_DANRE
Q8AWW7	ruvbl1	RUVB1_DANRE
Q8AXB3	kdrl	VGFR4_DANRE
Q8AXX2	tbx1	TBX1_DANRE
Q8AYG3	ttk	TTK_DANRE
Q8BG36	Dmrt2	DMRT2_MOUSE
Q8BGJ9	U2af1l4	U2AF4_MOUSE
Q8BM54	Mylip	MYLIP_MOUSE
Q8BNQ3	Gpr137b	G137B_MOUSE
Q8BS45	Ttc26	IFT56_MOUSE
Q8BTK5	Smyd4	SMYD4_MOUSE
Q8BUN5	Smad3	SMAD3_MOUSE
Q8BW41	Pomgnt2	PMGT2_MOUSE
Q8C261	Slc24a5	NCKX5_MOUSE
Q8CF90	Mafa	MAFA_MOUSE
Q8CIB5	Fermt2	FERM2_MOUSE
Q8I7G4	dyf-1	TTC30_CAEEL
Q8IVG5	SAMD9L	SAM9L_HUMAN
Q8IVL0	NAV3	NAV3_HUMAN
Q8IVW8	SPNS2	SPNS2_HUMAN
Q8IW40	CCDC103	CC103_HUMAN
Q8IWG1	DNAI3	DNAI3_HUMAN
Q8IXS2	CCDC65	DRC2_HUMAN
Q8IY63	AMOTL1	AMOL1_HUMAN
Q8IYR2	SMYD4	SMYD4_HUMAN
Q8IYX4	DND1	DND1_HUMAN
Q8JFR5	kita	KITA_DANRE
Q8JG38	fgfr2	FGFR2_DANRE
Q8JGS1	stil	STIL_DANRE
Q8JHF2	lfng	LFNG_DANRE
Q8JHF4	pals1a	PAL1A_DANRE
Q8JHI3	arl13b	AR13B_DANRE
Q8JI10	dmbx1a	DMX1A_DANRE
Q8JIS6	tbx6	TBX6_DANRE
Q8K387	Usp45	UBP45_MOUSE
Q8N2G8	GHDC	GHDC_HUMAN
Q8N2Q7	NLGN1	NLGN1_HUMAN
Q8NAT1	POMGNT2	PMGT2_HUMAN
Q8NHH1	TTLL11	TTL11_HUMAN
Q8QFX6	nrp1a	NRP1A_DANRE
Q8R4P5	Tmc1	TMC1_MOUSE
Q8UUZ1	mab21l2	MB212_DANRE
Q8UVC1	invs	INVS_DANRE
Q8UVJ6	vangl2	VANG2_DANRE
Q8UVK2	supt6h	SPT6H_DANRE
Q8UVX0	piwil1	PIWL1_DANRE
Q8UWJ4	dld	DLLD_DANRE
Q8VBX6	Mpdz	MPDZ_MOUSE
Q8WU68	U2AF1L4	U2AF4_HUMAN
Q8WVR3	TRAPPC14	TPC14_HUMAN
Q8WZ19	KCTD13	BACD1_HUMAN
Q90259	ascl1a	ASL1A_DANRE
Q90260	ascl1b	ASL1B_DANRE
Q90268	pax2a	PAX2A_DANRE
Q90270	pou5f1	PO5F1_DANRE
Q90271	raraa	RARAA_DANRE
Q90275	cdh2	CADH2_DANRE
Q90413	fgfr4	FGFR4_DANRE
Q90415	rxrab	RXRAB_DANRE
Q90416	rxrga	RXRGA_DANRE
Q90417	rxrbb	RXRBB_DANRE
Q90419	shhb	TWHH_DANRE
Q90423	hoxb1b	HXB1B_DANRE
Q90460	alcama	C166A_DANRE
Q90474	hsp90a.1	H90A1_DANRE
Q90476	lhx1a	LHX1_DANRE
Q90477	myod1	MYOD1_DANRE
Q90481	nkx2.2a	NX22A_DANRE
Q90486	ba1; ba1l	HBB1_DANRE
Q90X44	nrf1	NRF1_DANRE
Q90XC2	nek8	NEK8_DANRE
Q90XE6	klf1	KLF1_DANRE
Q90XF2	prkci	KPCI_DANRE
Q90Y54	jag1b	JAG1B_DANRE
Q90YJ2	ngb	NGB_DANRE
Q90Z00	fgfr1a	FGR1A_DANRE
Q90ZE2	znf703	ZN703_DANRE
Q90ZE4	psen2	PSN2_DANRE
Q91392	rarga	RARGA_DANRE
Q91428	gata3	GATA3_DANRE
Q91VM4	Spns2	SPNS2_MOUSE
Q91ZR4	Nek8	NEK8_MOUSE
Q92008	shha	SHH_DANRE
Q92050	wnt5b	WNT5B_DANRE
Q969S8	HDAC10	HDA10_HUMAN
Q96AE7	TTC17	TTC17_HUMAN
Q96AJ1	CLUAP1	CLUA1_HUMAN
Q96LB3	IFT74	IFT74_HUMAN
Q96M91	CFAP53	CFA53_HUMAN
Q96NZ1	FOXN4	FOXN4_HUMAN
Q96SW2	CRBN	CRBN_HUMAN
Q98862	ihhb	IHH_DANRE
Q98864	ptch1	PTC1_DANRE
Q98867	thraa	THAA_DANRE
Q98878	dlx4b	DLX4B_DANRE
Q98880	chrna1	ACHA_DANRE
Q98SJ5	sim1a	SIM1A_DANRE
Q98TU0	gdnf	GDNF_DANRE
Q98TW1	ncoa2	NCOA2_DANRE
Q98UK5	mafb	MAFB_DANRE
Q99J87	Dhx58	DHX58_MOUSE
Q99N43	Kremen1	KREM1_MOUSE
Q99PP7	Trim33	TRI33_MOUSE
Q99ZW2	cas9	CAS9_STRP1
Q9BUL8	PDCD10	PDC10_HUMAN
Q9C091	GREB1L	GRB1L_HUMAN
Q9C0I1	MTMR12	MTMRC_HUMAN
Q9DB07	Ift46	IFT46_MOUSE
Q9DDD7	sox19b	SX19B_DANRE
Q9DDE3	ache	ACES_DANRE
Q9DDJ0	ube2ib	UBC9B_DANRE
Q9DDK4	s1pr1	S1PR1_DANRE
Q9DDT5	supt5h	SPT5H_DANRE
Q9DE24	foxc1b	FXC1B_DANRE
Q9DE25	foxc1a	FXC1A_DANRE
Q9DE49	pdgfra	PGFRA_DANRE
Q9DEN4	foxd3-a	FXD3A_XENLA
Q9DFS6	eif4e1a	IF4EA_DANRE
Q9DG12	arnt2	ARNT2_DANRE
Q9DGD9	mapk8	MK08_DANRE
Q9DGE0	map2k6	MP2K6_DANRE
Q9DGE1	mapk14b	MK14B_DANRE
Q9DGE2	mapk14a	MK14A_DANRE
Q9EQJ9	Magi3	MAGI3_MOUSE
Q9ERG0	Lima1	LIMA1_MOUSE
Q9ESP5	Fezf2	FEZF2_MOUSE
Q9GZT5	WNT10A	WN10A_HUMAN
Q9H095	IQCG	DRC9_HUMAN
Q9H9D4	ZNF408	ZN408_HUMAN
Q9I8K8	s1pr2	S1PR2_DANRE
Q9I8N6	csf1r	CSF1R_DANRE
Q9I8V2	smad1	SMAD1_DANRE
Q9I8X3	fgfr3	FGFR3_DANRE
Q9I9E1	foxh1	FOXH1_DANRE
Q9I9K7	tbx20	TBX20_DANRE
Q9I9L0	hey2	HEY2_DANRE
Q9I9L7	caspa	CASPA_DANRE
Q9I9N6	pycard	ASC_DANRE
Q9I9P9	smad2	SMAD2_DANRE
Q9I9R3	slc40a1	S40A1_DANRE
Q9IAK8	tbx5a	TBX5A_DANRE
Q9IAT6	dlc	DLLC_DANRE
Q9IAV3	hhex	HHEX_DANRE
Q9IBD0	celf1	CELF1_DANRE
Q9JHD2	Kat2a	KAT2A_MOUSE
Q9JHI9	Slc40a1	S40A1_MOUSE
Q9JIY8	Nat8f3	NT8F3_MOUSE
Q9MIY8	mt-co1	COX1_DANRE
Q9NP59	SLC40A1	S40A1_HUMAN
Q9NPG2	NGB	NGB_HUMAN
Q9NQZ6	ZC4H2	ZC4H2_HUMAN
Q9NR63	CYP26B1	CP26B_HUMAN
Q9NZ94	NLGN3	NLGN3_HUMAN
Q9NZV5	SELENON	SELN_HUMAN
Q9P289	STK26	STK26_HUMAN
Q9PTH3	igfbp2a	IBP2A_DANRE
Q9PTJ3	lmo2	RBTN2_DANRE
Q9PTN2	vdra	VDRA_DANRE
Q9PUQ1	etv4	ETV4_DANRE
Q9PVE4	thrb	THB_DANRE
Q9PW80	igf2bp3	IF2B3_DANRE
Q9QYZ8	Dkk2	DKK2_MOUSE
Q9QZL9	Dkkl1	DKKL1_MOUSE
Q9TS33		RYR3_RABIT
Q9UBP5	HEY2	HEY2_HUMAN
Q9UHN6	CEMIP2	CEIP2_HUMAN
Q9UKY4	POMT2	POMT2_HUMAN
Q9UPP1	PHF8	PHF8_HUMAN
Q9W5Z2	pitx2	PITX2_DANRE
Q9W686	sema3ab	SE3AB_DANRE
Q9W6A5	opn1mw1	OPSG1_DANRE
Q9W6A7	opn1lw1	OPSR1_DANRE
Q9W6G6	sema3d	SEM3D_DANRE
Q9W6H5	ube2ia	UBC9A_DANRE
Q9W6S8	smn1	SMN1_DANRE
Q9W6T7	psen1	PSN1_DANRE
Q9W7E7	smad5	SMAD5_DANRE
Q9W7J1	sema3aa	SE3AA_DANRE
Q9W7R3	tenm4	TEN4_DANRE
Q9W7R4	tenm3	TEN3_DANRE
Q9WVQ1	Magi2	MAGI2_MOUSE
Q9Y2J4	AMOTL2	AMOL2_HUMAN
Q9Y5X3	SNX5	SNX5_HUMAN
Q9YGW7	dazl	DAZL_DANRE
Q9YGX5	cpeb1	CPEB1_DANRE
Q9YHC5	foxg1	FOXG1_XENLA
Q9YHE8	tcf7l1a	T7L1A_DANRE
Q9YHT4	alas2	HEM0_DANRE
Q9YHV4	fsta	FSTA_DANRE
Q9YI66	tyro3	TYRO3_DANRE
Q9Z2C5	Mtm1	MTM1_MOUSE
S4X0Q8	adgra3	AGRA3_DANRE
U3JAG9	cep131	CP131_DANRE
X1WER2	uba5	UBA5_DANRE
X1WHY6	ambra1b	AMR1B_DANRE
A0A0G2KIZ8	dnai3	DNAI3_DANRE
A0A0R4IC37	cpsf1	CPSF1_DANRE
A0A0R4IF99	zdhhc16b	ZD16B_DANRE
A0A0R4IFG5	cfap53	CFA53_DANRE
A0A0R4IM31	ora1	ORA1_DANRE
A0A0R4IQZ2	zdhhc13	ZDH13_DANRE
A0A0R4ITC5	trrap	TRRAP_DANRE
A0A140LFM6	minar1	MNAR1_DANRE
A0A1L2F565	pth4	PTH4_DANRE
A0A2K5V015	EYS	EYS_MACFA
A0A2R8Q3S9	clcc1	CLCC1_DANRE
A0A2R8QF68	grik2	GRIK2_DANRE
A0A2R8QFQ6	fbxw11a	FB11A_DANRE
A0A2R8RWN9	fbxw11b	FB11B_DANRE
A0A3G3C7U9		CM34_CONAA
A0A4Y5X1A7		CESS3_CONMO
A0JMK5	mtmr2	MTMR2_DANRE
A1A5H6	cnot1	CNOT1_DANRE
A1A5V7	tmem41b	TM41B_DANRE
A1IGX5	fibin	FIBIN_DANRE
A1L1W9	slc16a10	MOT10_DANRE
A1L224	creb3l2	CR3L2_DANRE
A1L260	cavin4a	CVN4A_DANRE
A1L271	gnb5a	GNB5A_DANRE
A1L2F3	nusap1	NUSAP_DANRE
A1XQX0	nrxn1a	NR1AA_DANRE
A1XQX1	nrxn1a	NR1AB_DANRE
A1XQX2	nrxn1b	NR1BA_DANRE
A1XQX8	nrxn3a	NR3AA_DANRE
A1XQY0	nrxn3a	NR3AB_DANRE
A1XQY1	nrxn3b	NR3BA_DANRE
A1XQY3	nrxn3b	NR3BB_DANRE
A2AV36	prmt7	ANM7_DANRE
A2BGG1	mtmr12	MTMRC_DANRE
A2BGR3	ercc6l	ERC6L_DANRE
A2BGT0	usp30	UBP30_DANRE
A2CEX1	zdhhc8b	ZDH8B_DANRE
A2T929	rxraa	RXRAA_DANRE
A2VD23	stm	STM_DANRE
A3KNW0	pld6	PLD6_DANRE
A3KNX5	bhlha9	BHA09_DANRE
A3KPK0	ago3	AGO3_DANRE
A3KPR5	cyb561a3a	CYAC3_DANRE
A3KQ55	mepce	MEPCE_DANRE
A3RK74	foxo1a	FX1AA_DANRE
A4FUN7	usp12a	UBP12_DANRE
A4IFW2	ptprf	PTPRF_DANRE
A4IG32	micu1	MICU1_DANRE
A4IG53	comtb	COMTB_DANRE
A4IG59	washc1	WASH1_DANRE
A4ZNR4	nkd2	NKD2_DANRE
A5PF48	myo1c	MYO1C_DANRE
A5PF61	leg1a	LEG1A_DANRE
A5PL98	sdhb	SDHB_DANRE
A5PLE7	gpr183a	GP83A_DANRE
A5PMR2	usp33	UBP33_DANRE
A5PMY6	colec12	COL12_DANRE
A5PN43	tmem175	TM175_DANRE
A5WVX0	itpa	ITPA_DANRE
A5WW08	chfr	CHFR_DANRE
A5WWB0	usp46	UBP46_DANRE
A6H8I0	usp22	UBP22_DANRE
A6H8T7	zte25	CBPC2_DANRE
A6NAF9	tdrd7a	TRD7A_DANRE
A7MBP4	ift46	IFT46_DANRE
A7SCE5		NA241_NEMVE
A8E7C5	inpp5f	SAC2_DANRE
A8KBY2	brf2	BRF2_DANRE
A8T6P4	myrip	MYRIP_DANRE
A8WE67	kifbp	KBP_DANRE
A8WFR0	lamp5	LAMP5_DANRE
A8WG57	hmgcll1	HMGC2_DANRE
A8WHR3	yju2	YJU2_DANRE
A9C3N6	custos	CSTOS_DANRE
A9JR78	tonsl	TONSL_DANRE
A9JRB3	htra1b	HTR1B_DANRE
A9JRC7	ppp4cb	PP4CB_DANRE
A9JRD8	btbd6a	BTB6A_DANRE
A9JRZ0	smurf2	SMUF2_DANRE
A9JTG5	rbck1	HOIL1_DANRE
A9LMC0	dpf3	DPF3_DANRE
B0R061	smarcad1a	SMRDA_DANRE
B0R0B1	zng1	ZNG1_DANRE
B0R0D7	coro1ca	COR1C_DANRE
B0R160	lrwd1	LRWD1_DANRE
B0S6J3	srgap2	SRGP2_DANRE
B0S733	upf3a	REN3A_DANRE
B0UXL7		FEN1B_DANRE
B0UXP9	impdh2	IMDH2_DANRE
B0UYH6	rpap2	RPAP2_DANRE
B0V2S2	dclre1b	DCR1B_DANRE
B1NWR7		NA245_NEMVE
B1NWS1		NA227_NEMVE
B1NWS8		NA240_NEMVE
B2HE92	pecA	PECA_MYCMM
B3DH96	or131-2	O1312_DANRE
B3DHS1	macir	MACIR_DANRE
B3DHU2	tmem65	TMM65_DANRE
B3F211	igfbp2b	IBP2B_DANRE
B6ZK76	il1rapl1a	IRL1A_DANRE
B7ZC77	Ctnna2	CTNA2_DANRE
B8A4F4	tdrd9	TDRD9_DANRE
B8A5G9	trmt5	TRM5_DANRE
B8JK76	Sdccag8	SDCG8_DANRE
B8JKD7	polr1b	RPA2_DANRE
B8JKF4	stn1	STN1_DANRE
C0HJC4		KV53_BUNCI
C0HJJ0	fxyd11	FXY11_DANRE
C4ULG3	afp18	AFP18_YERRA
C5H5C4	notum1a	NOT1A_DANRE
C7DZK3	col27a1a	CRA1A_DANRE
E0CYR6	Nat8f7	NT8F7_MOUSE
E7EXX2	slc41a1	S41A1_DANRE
E7EY42	ptdss2	PTSS2_DANRE
E7EZ53	gal	GALA_DANRE
E7F0Z8	notum2	NOTU2_DANRE
E7F187	armc9	ARMC9_DANRE
E7F1U2	dnmbp	DNMBP_DANRE
E7F211	ttc17	TTC17_DANRE
E7F240	trappc14	TPC14_DANRE
E7F4V8	pex2	PEX2_DANRE
E7F4Z4	zdhhc1	ZDHC1_DANRE
E7F5E1	cep162	CE162_DANRE
E7F5F0	alkal2a	AKL2A_DANRE
E7F6D7	zdhhc6	ZDHC6_DANRE
E7F6H7	dync1i2a	DCI2A_DANRE
E7F6T8	usp37	UBP37_DANRE
E7F8F4	ascc3	ASCC3_DANRE
E7F9T0	mical1	MICA1_DANRE
E7FAP8	alkal2b	AKL2B_DANRE
E7FBF7	fcho1	FCHO1_DANRE
E7FDV5	iyd	IYD_DANRE
E7FDW2	pdzrn3b	PZR3B_DANRE
E7FEV0	wdr81	WDR81_DANRE
E7FFT2	tmc2a	TMC2A_DANRE
E7FFX1	npas4b	NPS4B_DANRE
E7FGY2	gid8b	GID8B_DANRE
E9QCD3	zdhhc14	ZDH14_DANRE
E9QHE3	rnf207b	RN207_DANRE
E9QI36	hars	HARS1_DANRE
E9QIN8	klhl41a	KL41A_DANRE
E9QJQ6	megf10	MEG10_DANRE
F1Q8C3	cyp2k6	CP2K6_DANRE
F1Q8J0	rnpc3	RNPC3_DANRE
F1Q8R9	pomt2	POMT2_DANRE
F1Q8W0	cactin	CATIN_DANRE
F1QAM1	zdhhc4	ZDHC4_DANRE
F1QB54	pabpc1a	PABPA_DANRE
F1QCC6	gpc1	GPC1_DANRE
F1QEG2	klhl41b	KL41B_DANRE
F1QF89	pomt1	POMT1_DANRE
F1QGC8	dtd1	DTD1_DANRE
F1QH17	mical3a	MCA3A_DANRE
F1QHZ6	dnai4	DNAI4_DANRE
F1QJX5	ubr3	UBR3_DANRE
F1QLG5	adnpa	ADN1A_DANRE
F1QPX0	ndnf	NDNF_DANRE
F1QR98	fam212aa	INK1A_DANRE
F1QVR8	mettl5	METL5_DANRE
F1QW76	batf	BATF_DANRE
F1QWK4	mical3b	MCA3B_DANRE
F1QWM2	styxl2	STYL2_DANRE
F1QWZ4	gdf2	GDF2_DANRE
F1QYJ6	sult6b1	ST6B1_DANRE
F1R013	zdhhc9	ZDHC9_DANRE
F1R6I3	lrrc39	LRC39_DANRE
F1R7R1	smg5	SMG5_DANRE
F1R8P4	glra2	GLRA2_DANRE
F1R8Z9	foxj1b	FXJ1B_DANRE
F1RCR6	trip12	TRIPC_DANRE
F4ZGF2	comta	COMTA_DANRE
F8W2C9	alkal1	ALKL1_DANRE
H2LID1	bncr	BNCR_ORYLA
H6D7E6	talpid3	TALD3_DANRE
H9BFW7	cmasb	NEUAB_DANRE
L7VG99	tmem132e	T132E_DANRE
O13166	tle3a	TLE3A_DANRE
O13168	tle3b	TLE3B_DANRE
O42115	arx	ARX_DANRE
O42366	hoxb1a	HXB1A_DANRE
O42376	mapk12	MK12_DANRE
O57374	hoxd4a	HXD4A_DANRE
O57409	dlb	DLLB_DANRE
O73715	ldb1a	LDB1A_DANRE
O73727	ins	INS_DANRE
O73792	tie1	TIE1_DANRE
O73797	ntf7	NTF7_DANRE
O73878	ephb4b	EPB4B_DANRE
O93409	myl11a	MY11A_DANRE
P09013	hoxb5b	HXB5B_DANRE
P09014	hoxb5a	HXB5A_DANRE
P0C218	ddx20	DDX20_DANRE
P0C7U5	c5ar1	C5AR1_DANRE
P0C928	rtel1	RTEL1_DANRE
P0CAT2	slc25a38b	S238B_DANRE
P0CF65	CRBN	CRBN_CHICK
P0CF95	bicdl1	BICL1_DANRE
P0CH45		NA291_NEMVE
P0CH46		NA239_NEMVE
P0DL50		NA122_ANEVI
P0DL51		NA123_ANEVI
P0DP88	mymx	MYMX_DANRE
P22574	hoxb4a	HXB4A_DANRE
P31533	eng2b	HME2B_DANRE
P37137	lhx5	LHX5_XENLA
P43446	wnt10a	WN10A_DANRE
P47792	sox19a	SX19A_DANRE
P47794	ccne1	CCNE1_DANRE
P52160	myca	MYCA_DANRE
P52722	mt	MT1_DANRE
P53407	isl2b	ISL2B_DANRE
P53544	gsc	GSC_DANRE
P58239	cnmd	CNMD_DANRE
P59889	slc39a1	S39A1_DANRE
P60622	zfpm1	FOG1_DANRE
P61799	aptx	APTX_DANRE
P70354	Msx3	MSX3_MOUSE
P79727	efna2	EFNA2_DANRE
P79732	rrm1	RIR1_DANRE
P79737	nras	RASN_DANRE
P79741	pes	PESC_DANRE
P79742	tbx6l	TBX6L_DANRE
P79746	pou3f2	PO3F2_DANRE
P83238	bglap	OSTCN_DANRE
P83758	dmrt3a	DMT3A_DANRE
P86839	nes	NEST_DANRE
Q03356	msxb	MSXB_DANRE
Q05159	egr2b	EGR2B_DANRE
Q06726	nr2f5	NR2F5_DANRE
Q06S87	urah	HIUH_DANRE
Q08BH7	ube2t	UBE2T_DANRE
Q08BL3	c1galt1a	C1GTA_DANRE
Q08BM8	cnot7	CNOT7_DANRE
Q08BR4	setdb1b	STB1B_DANRE
Q08BY0	ndufaf7	NDUF7_DANRE
Q08CD5	rxylt1	RXLT1_DANRE
Q08CF3	ccdc61	CCD61_DANRE
Q08CH6	catip	CATIP_DANRE
Q08CI8	slc25a38a	S238A_DANRE
Q08CJ7	arsk	ARSK_DANRE
Q08CN9	znrf2	ZNRF2_DANRE
Q08CS6	moxd2	MOXD2_DANRE
Q0P483	slc25a42	S2542_DANRE
Q0VIA1	med10	MED10_DANRE
Q1ECW2	npas4a	NPS4A_DANRE
Q1ECX4	tlk2	TLK2_DANRE
Q1ECZ4	casc3	CASC3_DANRE
Q1JPS6	opn4l	OPN4L_DANRE
Q1JPX4	ube2wb	UB2WB_DANRE
Q1JPY4	tbpl2	TBPL2_DANRE
Q1L8G6	ankib1	AKIB1_DANRE
Q1L8L6	rnf19b	RN19B_DANRE
Q1L8U8	setdb1a	STB1A_DANRE
Q1LU86	cibar1	CBAR1_DANRE
Q1LUA6	trio	TRIO_DANRE
Q1LV15	daw1	DAW1_DANRE
Q1LVF3	smg7	SMG7_DANRE
Q1LVK9	n4bp1	N4BP1_DANRE
Q1LVP6	abraxas1	ABRX1_DANRE
Q1LVZ2	marchf2	MARH2_DANRE
Q1LWZ0	clxn	CLXN_DANRE
Q1LX51	wee2	WEE2_DANRE
Q1LY10	fsd1	FSD1_DANRE
Q1LY46	letm1	LETM1_DANRE
Q1LY77	setd1ba	SE1BA_DANRE
Q1LYB6	atp5if1b	ATF1B_DANRE
Q1LYG4	creb3l3b	CR3LB_DANRE
Q1MTE5	arl3	ARL3_DANRE
Q1MTI4	tpi1a	TPISA_DANRE
Q1RLY6	kmo	KMO_DANRE
Q20JQ7	scn4ab	SC4AB_DANRE
Q29RA3	dusp29	DUS29_DANRE
Q29RA5	tigara	TIGRA_DANRE
Q29RB1	cog4	COG4_DANRE
Q2EY14	prtga	PRTGA_DANRE
Q2KN93	specc1la	CYTSA_DANRE
Q2KNE5	opn4a	OPN4A_DANRE
Q2PW47	med24	MED24_DANRE
Q2XVR3	scn4aa	SC4AA_DANRE
Q2YDR3	bpnt2	IMPA3_DANRE
Q2YDS1	ddb2	DDB2_DANRE
Q2Z1R2	sox1b	SOX1B_DANRE
Q32LQ4	bhmt	BHMT1_DANRE
Q32LU1	rhot2	MIRO2_DANRE
Q32PL8	primpol	PRIPO_DANRE
Q3B752	dtymk	KTHY_DANRE
Q3T127	U2AF1L4	U2AF4_BOVIN
Q3ZMH1	slc5a8	SC5A8_DANRE
Q49GP3	pi4kb	PI4KB_DANRE
Q49GP5	pi4k2b	P4K2B_DANRE
Q49SH1	slc24a5	NCKX5_DANRE
Q4KME6	gigyf2	GGYF2_DANRE
Q4KML2	cry-dash	CRYD_DANRE
Q4QRF7	leg1b	LEG1B_DANRE
Q4U0S5	paf1	PAF1_DANRE
Q4V8R7	nr6a1b	GCNFB_DANRE
Q4V908	ube2s	UBE2S_DANRE
Q4V9H3	draxin	DRAXI_DANRE
Q4VBH4	ube2wa	UB2WA_DANRE
Q502B3	b3galnt2	B3GL2_DANRE
Q502I9	fcho2	FCHO2_DANRE
Q503I9	tent2	GLD2_DANRE
Q503V1	cybrd1	CYBR1_DANRE
Q504H8	hmx3	HMX3_DANRE
Q52PJ5	dpysl3	DPYL3_DANRE
Q566V9	ecrg4a	AUGNA_DANRE
Q566X8	dmbx1b	DMX1B_DANRE
Q567B1	yod1	OTU1_DANRE
Q567J8	osr2	OSR2_DANRE
Q568F6	adss2	PURA2_DANRE
Q568I2	acer1	ACER1_DANRE
Q568K5	naa40	NAA40_DANRE
Q568T5	chodl	CHODL_DANRE
Q56UJ5	hs6st1a	H6S1A_DANRE
Q58EC8	rnf152	RN152_DANRE
Q58ED9	naa20	NAA20_DANRE
Q58EG3	nectin3	NECT3_DANRE
Q58EK5	tdrd1	TDRD1_DANRE
Q58EM4	armt1	ARMT1_DANRE
Q5BJA5	; 	H2B1_DANRE
Q5BKW9	asrgl1	ASGL1_DANRE
Q5CZP2	hsf4	HSF4_DANRE
Q5D018	rbm8a	RBM8A_DANRE
Q5EAP5	rfx2	RFX2_DANRE
Q5EDF9	trh	TRH_DANRE
Q5EGE1	ism1	ISM1_DANRE
Q5I4H3	fen1	FEN1_XIPMA
Q5IGR6	ext1c	EXT1C_DANRE
Q5IGR7	ext1b	EXT1B_DANRE
Q5IGR8	ext1a	EXT1A_DANRE
Q5M7X9	mul1a	MUL1A_DANRE
Q5NDE5	pomgnt2	PMGT2_DANRE
Q5PNP1	snx14	SNX14_DANRE
Q5PR67	eif3hb	EI3HB_DANRE
Q5PRA2	dhtkd1	DHTK1_DANRE
Q5PRC7	nabp1	SOSB2_DANRE
Q5PRD4	csnk1g1	KC1G1_DANRE
Q5PYH5	dlg1l	DLG1L_DANRE
Q5PYH7	dlg2	DLG2_DANRE
Q5R328	rspo3	RSPO3_DANRE
Q5RFU5	mmachc	MMAC_DANRE
Q5RFV4	rnf144aa	R1441_DANRE
Q5RFW2	tab2	TAB2_DANRE
Q5RGA4	mysm1	MYSM1_DANRE
Q5RH51	fam20b	XYLK_DANRE
Q5RH95	rsad2	RSAD2_DANRE
Q5RHH4	ift172	IF172_DANRE
Q5RHZ6	osgep	OSGEP_DANRE
Q5RI43	kera	KERA_DANRE
Q5RIU9	srd5a3	PORED_DANRE
Q5RJA1	rfx6	RFX6_DANRE
Q5SNX7	galc	GALC_DANRE
Q5SPB6	chac1	CHAC1_DANRE
Q5TYM7	caiap	CAIAP_DANRE
Q5TYV4	vipas39	SPE39_DANRE
Q5TZ24	moxd1	MOXD1_DANRE
Q5TZ51	mpv17	MPV17_DANRE
Q5U2N8	Ttc26	IFT56_RAT
Q5U374	klhl12	KLH12_DANRE
Q5U395	ctdnep1a	CNEPA_DANRE
Q5U3G1	colec11	COL11_DANRE
Q5U3H9	spire2	SPIR2_DANRE
Q5U3N7	churc1	CHUR_DANRE
Q5U3S1	katnal1	KATL1_DANRE
Q5U3T3	ctdnep1b	CNEPB_DANRE
Q5U9X3	gprc6a	GPC6A_DANRE
Q5UE94	tbpl2	TBPL2_XENLA
Q5UU75	dmrta2	DMTA2_DANRE
Q5XJ54	glrx3	GLRX3_DANRE
Q5XJ57	mettl1	TRMB_DANRE
Q5XJN2	ifi30	GILT_DANRE
Q5XJQ5	exosc9	EXOS9_DANRE
Q5YB40	mfng	MFNG_DANRE
Q642J4	impact	IMPCT_DANRE
Q642J5	rbfox1	RFOX1_DANRE
Q66HZ2	rimklb	RIMKB_DANRE
Q66I14	sephs3	SPS3_DANRE
Q66L49	slc25a24	SCMC1_DANRE
Q66PG1	large2	LARG2_DANRE
Q67FY3	bcl9l	BCL9L_DANRE
Q68EI0	wdr18	WDR18_DANRE
Q68EK2	calcrla	CALRL_DANRE
Q68EL2	dtd2	DTD2_DANRE
Q696W0	speg	SPEG_DANRE
Q6AXJ2	eif3ha	EI3HA_DANRE
Q6AXK4	babam1	BABA1_DANRE
Q6AXL3	nrros	LRC33_DANRE
Q6AZB3	ciapin1	CPIN1_DANRE
Q6BEA0	plxna4	PLXA4_DANRE
Q6DBQ8	cptp	CPTP_DANRE
Q6DBW0	ikzf5	IKZF5_DANRE
Q6DC93	pef1	PEF1_DANRE
Q6DEF6	usb1	USB1_DANRE
Q6DEH3	camk2d1	KC2D1_DANRE
Q6DEL1	slc38a7	S38A7_DANRE
Q6DG22	ada	ADA_DANRE
Q6DG60	ube2z	UBE2Z_DANRE
Q6DG88	atg4b	ATG4B_DANRE
Q6DGL6	sox1a	SOX1A_DANRE
Q6DGU5	slc25a46	S2546_DANRE
Q6DGW9	tmco1	TMCO1_DANRE
Q6DH94	rnf144ab	R1442_DANRE
Q6DHC1	rab18b	RB18B_DANRE
Q6DHE8	rhoad	RHOAD_DANRE
Q6DHG0	setd7	SETD7_DANRE
Q6DHI2	ccdc65	DRC2_DANRE
Q6DHJ3	nvd	NVD_DANRE
Q6DHK1	naxe	NNRE_DANRE
Q6DHK8	slc10a7	NTCP7_DANRE
Q6DHP9	rxrgb	RXRGB_DANRE
Q6DHQ1	hvcn1	HVCN1_DANRE
Q6DHR8	nus1	NGBR_DANRE
Q6DHU8	pbk	TOPK_DANRE
Q6DI51	nme6	NDK6_DANRE
Q6DRC5	uspl1	USPL1_DANRE
Q6DRD3	polb	DPOLB_DANRE
Q6DRI1	eif3ea	EI3EA_DANRE
Q6DRL4	ticrr	TICRR_DANRE
Q6DRM0	get1	GET1_DANRE
Q6DRP2	gnl3	GNL3_DANRE
Q6GMG5	impdh1a	IMDH1_DANRE
Q6GMI0	htra1a	HTR1A_DANRE
Q6GMI7	enoph1	ENOPH_DANRE
Q6GML7	tatdn1	TATD1_DANRE
Q6GPA1	myo1d	MYO1D_XENLA
Q6IQ69	mymk	MYMK_DANRE
Q6IQ73	chmp4c	CHM4C_DANRE
Q6IQE0	puf60b	PU60B_DANRE
Q6IQE5	get3	GET3_DANRE
Q6IQX0	kdm5bb	KD5BB_DANRE
Q6JWV8	popdc2	POPD2_DANRE
Q6NUT7	sort1	SORT1_DANRE
Q6NUX8	rhoaa	RHOAA_DANRE
Q6NV04	ilvbl	HACL2_DANRE
Q6NV25	sumo3l	SMO3L_DANRE
Q6NVC5	rhot1a	MIRO1_DANRE
Q6NVC9	jmy	JMY_DANRE
Q6NW85	arih1l	ARI1L_DANRE
Q6NW96	sp9	SP9_DANRE
Q6NWC6	cpsf6	CPSF6_DANRE
Q6NWD4	timm50	TIM50_DANRE
Q6NWF6	krt8	K2C8_DANRE
Q6NWG0	tspan36	TSN36_DANRE
Q6NWK2	ap2m1a	AP2MA_DANRE
Q6NWX7	ntmt1	NTM1A_DANRE
Q6NY74	rpa1	RFA1_DANRE
Q6NY82	ube2f	UBE2F_DANRE
Q6NY98	rngtt	MCE1_DANRE
Q6NYE2	rcc2	RCC2_DANRE
Q6NYG8	dpyd	DPYD_DANRE
Q6NYJ3	terf2ip	TE2IP_DANRE
Q6NYK8	marchf5	MARH5_DANRE
Q6NYL5	gpt2l	ALAT2_DANRE
Q6NYR8	npl	NPL_DANRE
Q6NYU2	helz	HELZ_DANRE
Q6NYU3	neurod6a	NDF6A_DANRE
Q6NYX6	ccnf	CCNF_DANRE
Q6NYY9	vmp1	VMP1_DANRE
Q6NZ07	ncl1	NCLN_DANRE
Q6NZZ9	rbm22	RBM22_DANRE
Q6P0B1	celf2	CELF2_DANRE
Q6P0D0	qkia	QKIA_DANRE
Q6P0E5	ddrgk1	DDRGK_DANRE
Q6P0F4	rbm7	RBM7_DANRE
Q6P0J3	sp8b	SP8_DANRE
Q6P0T2	taf8	TAF8_DANRE
Q6P268	pdcl3	PDCL3_DANRE
Q6P3H7	rbbp4	RBBP4_DANRE
Q6P3L6	hsd17b12a	DH12A_DANRE
Q6P4U6	znrf1	ZNRF1_DANRE
Q6P6X9	nup35	NUP35_DANRE
Q6P963	hagh	GLO2_DANRE
Q6PBI4	hdac9b	HDA9B_DANRE
Q6PBJ2	cfap20	CFA20_DANRE
Q6PBM1	glrx5	GLRX5_DANRE
Q6PBN2	aida	AIDA_DANRE
Q6PBX5	adi1	MTND_DANRE
Q6PC30	cops5	CSN5_DANRE
Q6PC54	snap25b	SN25B_DANRE
Q6PC55	gid8a	GID8A_DANRE
Q6PC60	hist2h2l	H2B3_DANRE
Q6PC78	rnf185	RN185_DANRE
Q6PC93	nmnat2	NMNA2_DANRE
Q6PCR7	eif3a	EIF3A_DANRE
Q6PEH9	slc39a10	S39AA_DANRE
Q6PEI3	phactr4b	PHR4B_DANRE
Q6PEI7	ctps1	PYRG1_DANRE
Q6PFK1	znf598	ZN598_DANRE
Q6PFM4	lnpkb	LNPB_DANRE
Q6PFP3	ppdpfa	PDPFA_DANRE
Q6PFP6	ndor1	NDOR1_DANRE
Q6PFQ0	rps6ka6	KS6A6_DANRE
Q6PG34	cdkal1	CDKAL_DANRE
Q6PGY6	ufl1	UFL1_DANRE
Q6PH18	nr2f1b	N2F1B_DANRE
Q6PH37	sult1st1	ST1S1_DANRE
Q6PHF0	chmp1a	CHM1A_DANRE
Q6PHI9	rab4a	RAB4A_DANRE
Q6PUR7	smcr8b	SMR8B_DANRE
Q6Q420	rps15a	RS15A_DANRE
Q6QA33	hsd17b12b	DH12B_DANRE
Q6QZN6	dact1	DACT1_DANRE
Q6TEL0	mtmr8	MTMR8_DANRE
Q6TGU2	seh1l	SEH1_DANRE
Q6TH22	ddi2	DDI2_DANRE
Q6TNU4	fen1	FEN1A_DANRE
Q6UFS5	znf503	ZN503_DANRE
Q6VN46	mb	MYG_DANRE
Q6YBR5	ngf	NGF_DANRE
Q708S3	asic4b	ASI4B_DANRE
Q708S4	asic4a	ASI4A_DANRE
Q708S5	asic2	ASIC2_DANRE
Q71MM5	dmrt1	DMRT1_DANRE
Q7SX85	sestd1	SESD1_DANRE
Q7SXF1	dhcr7	DHCR7_DANRE
Q7SXI6	ndel1a	NDL1A_DANRE
Q7SXL3	tbp	TBP_DANRE
Q7SXL7	wtap	FL2D_DANRE
Q7SXM7	prpf31	PRP31_DANRE
Q7SXN4	cpeb4	CPEB4_DANRE
Q7SXP0	sec22bb	S22BB_DANRE
Q7SXR3	maea	MAEA_DANRE
Q7SXS8	hpf1	HPF1_DANRE
Q7SXW4	emc3	EMC3_DANRE
Q7SXX7	mvb12a	MB12A_DANRE
Q7SY06	hacd3	HACD3_DANRE
Q7SY09	adgrl4	AGRL4_DANRE
Q7SY48	heatr1	HEAT1_DANRE
Q7SY52	stk10	STK10_DANRE
Q7SYD5	sec31a	SC31A_DANRE
Q7SZE5	sec23a	SC23A_DANRE
Q7SZQ0	mboat7	MBOA7_DANRE
Q7SZR5	sumo1	SUMO1_DANRE
Q7T005	rab11fip3	RFIP3_DANRE
Q7T163	kidins220b	KDISB_DANRE
Q7T291	adprm	ADPRM_DANRE
Q7T293	sde2	SDE2_DANRE
Q7T2E8	rhoac	RHOAC_DANRE
Q7T2P6	timm23	TIM23_DANRE
Q7T2V2	sult1st3	ST1S3_DANRE
Q7T384	slc5a12	SC5AC_DANRE
Q7T3B2	slc48a1b	HRG1A_DANRE
Q7T3C6	nudt21	CPSF5_DANRE
Q7T3H1	dctn2	DCTN2_DANRE
Q7T3S3	chst11	CHSTB_DANRE
Q7T3S5	b3gnt5a	B3G5A_DANRE
Q7T3Y0	nrarpa	NARPA_DANRE
Q7TP17	U2af1l4	U2AF4_RAT
Q7ZSY6	mt2	MT2_DANRE
Q7ZTS4	krt18	K1C18_DANRE
Q7ZTW4	sgk1	SGK1_DANRE
Q7ZU13	spns1	SPNS1_DANRE
Q7ZU45	odad4	ODAD4_DANRE
Q7ZU80	lnpka	LNPA_DANRE
Q7ZU90	chd1l	CHD1L_DANRE
Q7ZU91	itpk1	ITPK1_DANRE
Q7ZU92	parn	PARN_DANRE
Q7ZUC7	ptges2	PGES2_DANRE
Q7ZUK0	rnf146	RN146_DANRE
Q7ZUM8	usp44	UBP44_DANRE
Q7ZUS1	vrk1	VRK1_DANRE
Q7ZUV2	katnb1	KTNB1_DANRE
Q7ZUW7	mdm4	MDM4_DANRE
Q7ZUY3	h2ax	H2AX_DANRE
Q7ZV15	sec22ba	S22BA_DANRE
Q7ZV50	magt1	MAGT1_DANRE
Q7ZV55	eif3i	EIF3I_DANRE
Q7ZV79	uck2b	UCK2B_DANRE
Q7ZV90	pif1	PIF1_DANRE
Q7ZV96	rpl10	RL10_DANRE
Q7ZVB2	aldh9a1a	A9A1A_DANRE
Q7ZVC2	cluap1	CLUA1_DANRE
Q7ZVC4	chmp4b	CHM4B_DANRE
Q7ZVE6	poglut2	PLGT2_DANRE
Q7ZVF9	actbb	ACTB2_DANRE
Q7ZVG6	siah1	SIAH1_DANRE
Q7ZVI7	actba	ACTB1_DANRE
Q7ZVM1	washc5	WASC5_DANRE
Q7ZVN4	zdhhc18b	ZD18B_DANRE
Q7ZVV1	ercc3	ERCC3_DANRE
Q7ZVX6	uba3	UBA3_DANRE
Q7ZW38	sephs1	SPS1_DANRE
Q7ZW98	ap2m1b	AP2MB_DANRE
Q7ZWB7	bbs5	BBS5_DANRE
Q7ZWE6	dtnbp1a	DTB1A_DANRE
Q7ZWG6	slc46a1	PCFT_DANRE
Q7ZWG9	sigmar1	SGMR1_DANRE
Q7ZYQ0	foxi1e	FXI1E_XENLA
Q7ZYX1	aktip	AKTIP_DANRE
Q801F7	wnt10b	WN10B_DANRE
Q802G6	msrb1	MSB1A_DANRE
Q802W2	aldh9a1b	A9A1B_DANRE
Q803A7	sepsecs	SPCS_DANRE
Q803F6	rpsa	RSSA_DANRE
Q803I8	syvn1	SYVN1_DANRE
Q803Q2	ndel1b	NDL1B_DANRE
Q805B2	fgf8b	FGF8B_DANRE
Q8AXZ4	cntn1a	CNT1A_DANRE
Q8AYM7	opn1mw3	OPSG3_DANRE
Q8AYM8	opn1mw2	OPSG2_DANRE
Q8AYN0	opn1lw2	OPSR2_DANRE
Q8BWA5	Klhl31	KLH31_MOUSE
Q8CHQ9	Nat8f2	NT8F2_MOUSE
Q8JG69	adra2db	AA2DB_DANRE
Q8JG70	adra2da	AA2DA_DANRE
Q8JGR6	ncbp2	NCBP2_DANRE
Q8JGS0	snrpc	RU1C_DANRE
Q8JGW0	thbs4b	TSP4B_DANRE
Q8JH47	cdk8	CDK8_DANRE
Q8JH68	mxa	MXA_DANRE
Q8JHF0	psenen	PEN2_DANRE
Q8JHJ1	rpl35	RL35_DANRE
Q8JHJ2	ddx55	DDX55_DANRE
Q8JHV6	lamb4	LAMB4_DANRE
Q8JHW2	thbs3a	TSP3A_DANRE
Q8JI14	rhcgl2	RHCL2_DANRE
Q8JIR0	bmi1a	BMI1A_DANRE
Q8JIU7	naca	NACA_DANRE
Q8JJ26	sebox	SEBOX_DANRE
Q8QHJ9	il17rd	I17RD_DANRE
Q8QHL5	phc2	PHC2_DANRE
Q8TAL6	FIBIN	FIBIN_HUMAN
Q8UUR3	cygb1	CYGB1_DANRE
Q8UW00	hnf1bb	HN1BB_DANRE
Q90267	otx1a	OTX1A_DANRE
Q90435	pou4f3	PO4F3_DANRE
Q90459	ccnd1	CCND1_DANRE
Q90473	hspa8	HSP7C_DANRE
Q90478	nadl1.1	L1CA1_DANRE
Q90482	pou3f1	PO3F1_DANRE
Q90485	ba2; ba2l	HBB2_DANRE
Q90487	hbaa1	HBA_DANRE
Q90523	rag1	RAG1_GINCI
Q90WY4	adra2a	ADA2A_DANRE
Q90WY5	adra2b	ADA2B_DANRE
Q90WY6	adra2c	ADA2C_DANRE
Q90X46	gpr161	GP161_DANRE
Q90XG0	tpi1b	TPISB_DANRE
Q90Y50	cxadr	CXAR_DANRE
Q90Y57	jag1a	JAG1A_DANRE
Q90YM8	cyfip1	CYFP1_DANRE
Q90Z08	unc119b	U119B_DANRE
Q90ZH9	sox17a-b	S17AB_XENLA
Q90ZL1	msgn1	MSGN1_DANRE
Q90ZM2	sec61al1	S61A1_DANRE
Q90ZY4	sbk1	SBK1_DANRE
Q90ZY6	tlk1b	TLK1B_DANRE
Q91845	epha4-a	EPA4A_XENLA
Q91981	otx2	OTX2_DANRE
Q91994	otx1b	OTX1B_DANRE
Q92048	wnt2	WNT2_DANRE
Q92051	cahz	CAHZ_DANRE
Q92052	gjc1	CXG1_DANRE
Q98SP7	bbs2	BBS2_DANRE
Q98SR9	twsg1b	TWS1B_DANRE
Q98TZ8	flot2a	FLOT2_DANRE
Q9CX62	Inka1	INKA1_MOUSE
Q9DEX7	fads2	FADS2_DANRE
Q9DFG8	mkrn2	MKRN2_DANRE
Q9H511	KLHL31	KLH31_HUMAN
Q9H5L6	THAP9	THAP9_HUMAN
Q9I8L5	fabp10a	FA10A_DANRE
Q9I8P3	npy	NPY_DANRE
Q9JI20	Adarb2	RED2_MOUSE
Q9JMJ2	Fbxw4	FBXW4_MOUSE
Q9PT92	cat	CATA_DANRE
Q9PTP1	pcna	PCNA_DANRE
Q9PTS2	urod	DCUP_DANRE
Q9PU65	nr6a1a	GCNFA_DANRE
Q9QUN9	Dkk3	DKK3_MOUSE
Q9W6A6	opn1mw4	OPSG4_DANRE
Q9W6A8	opn1sw2	OP1S2_DANRE
Q9W6A9	opn1sw1	OP1S1_DANRE
Q9W6C7	neurod6b	NDF6B_DANRE
Q9W6F9	wif1	WIF1_DANRE
Q9W741	nog1	NOGG1_DANRE
Q9YH92	cldn7b	CLD7B_DANRE
Q9YHV3	nog3	NOGG3_DANRE
Q9YHX4	sema4e	SEM4E_DANRE
R4GER2	atg4da	ATG4D_DANRE
X1WBB5	zdhhc22	ZDH22_DANRE
X1WE18	kank2	KANK2_DANRE
X1WEM4	tmem63c	CSC1_DANRE
X1WGX5	pum3	PUM3_DANRE
A0A0B4J2D5	GATD3B	GAL3B_HUMAN
A0A0B5A7M7		INS1_CONIM
A0A0B5A7N1		INS2B_CONFO
A0A0B5A7N5		INS2C_CONFO
A0A0B5A7N8		INS1_CONTE
A0A0B5A7P2		INS1C_CONGE
A0A0B5A8P8		INS2_CONIM
A0A0B5A8Q2		INS1B_CONGE
A0A0B5A8Q6		INS1_CONMR
A0A0B5ABD5		INS3_CONTU
A0A0B5ABD9		INS2A_CONGE
A0A0B5ABE4		INS1B_CONQU
A0A0B5ABE6		INS1A_CONQU
A0A0B5AC86		INS3B_CONGE
A0A0B5AC90		INS1B_CONTU
A0A0B5AC98		INS1_CONFO
A0A0B5ADT3		INS2B_CONGE
A0A0B5ADT9		INS2A_CONFO
A0A0B5ADU4		INS1A_CONTU
A0A0B5ADV0		INS1_CONME
A0A0F7YYV0		INS_CONVC
A0A0R4IBL7	tcf12	HTF4_DANRE
A0A0R4IES7	bltp1	BLTP1_DANRE
A0A0R4INB9	cxcl11.1	CX111_DANRE
A0A0R4IP11	ora4	ORA4_DANRE
A0A0R4IWG9	gcna	GCNA_DANRE
A0A0R4IWI1	ebf1a	COE1A_DANRE
A0A2R8QPS5	ric1	RIC1_DANRE
A0A2R8RY99	clrn2	CLRN2_DANRE
A0A3S9V8K6		INS2_CONKI
A0A3S9V8L7		INS1_CONKI
A0A3S9V8L9		INS2_CONTU
A0A8M2BIB6	dsg2l	DSG2L_DANRE
A0A8M2BID5	dspa	DESPA_DANRE
A0A8M9PQ61	dspb	DESPB_DANRE
A0AUR5	mindy3	MINY3_DANRE
A0JMD2	zfyve28	LST2_DANRE
A0JME2	atf7ip	MCAF1_DANRE
A0JMF7	haus6	HAUS6_DANRE
A0JMF8	rfx3	RFX3_DANRE
A0JMG1	spoplb	SPOLB_DANRE
A0JMI9	gfm2	RRF2M_DANRE
A0JMK6	scg2b	SCG2B_DANRE
A0JMK9	chaf1a	CAF1A_DANRE
A0JMM9	ggact.1	GGACA_DANRE
A0JMP0	pgghg	PGGHG_DANRE
A0JMQ0	bop1	BOP1_DANRE
A0JMQ7	mtus1a	MTS1A_DANRE
A0JPE9	gk5	GLPK5_DANRE
A0MGZ5	hs6st1b	H6S1B_DANRE
A0MS83	znf148	ZN148_DANRE
A0PJT0	rilpl1	RIPL1_DANRE
A1A5V9	elp5	ELP5_DANRE
A1A5X2	fbxl7	FBXL7_DANRE
A1A5X5	c1qtnf12	ADIPL_DANRE
A1A5Z0	g6pc3	G6PC3_DANRE
A1A600	cracr2b	EFC4A_DANRE
A1L1F4	pds5a	PDS5A_DANRE
A1L1G1	esrp1	ESRP1_DANRE
A1L1M4	ppp4r2b	P4R2B_DANRE
A1L1P9	slc47a1	S47A1_DANRE
A1L1R0	shq1	SHQ1_DANRE
A1L1W4	rdh10a	RD10A_DANRE
A1L209	atxn7l3	AT7L3_DANRE
A1L237	endoua	ENDUA_DANRE
A1L243	mesd	MESD_DANRE
A1L244	sacm1lb	SAC1B_DANRE
A1L252	ranbp9	RANB9_DANRE
A1L258	d2hgdh	D2HDH_DANRE
A1L2E4	rnmtl1b	MRM3B_DANRE
A1XQX3	nrxn1b	NR1BB_DANRE
A2BE76	hapstr1	HAPR1_DANRE
A2BEA6	arid3a	ARI3A_DANRE
A2BF66	hormad1	HORM1_DANRE
A2BGA0	rfx4	RFX4_DANRE
A2BGU8	septin3	SEPT3_DANRE
A2BHB7	gatc	GATC_DANRE
A2BHJ4	cnot6l	CNO6L_DANRE
A2BID5	veph	MELT_DANRE
A2BID7	prdm10	PRD10_DANRE
A2CE83	entr1	ENTR1_DANRE
A2CEA7	rasgrf2	RGRF2_DANRE
A2CEI4	nup88	NUP88_DANRE
A2CEM9	ccdc85b	CC85B_DANRE
A2CEQ0	slc25a25b	SCM2B_DANRE
A2CEZ5	znf326	ZN326_DANRE
A2RRV3	patl1	PATL1_DANRE
A2RV01	dph6	DPH6_DANRE
A2RV06	cfap206	CF206_DANRE
A2VD33	mocos	MOCOS_DANRE
A3FEM2	fev	FEV_DANRE
A3KGT9	agpat9l	GPT3L_DANRE
A3KMR8	mafaa	MAFA_DANRE
A3KNK1	tmem120a	TACAN_DANRE
A3KNL6	ggact.3	GGACC_DANRE
A3KNS2	cnpy3	CNPY3_DANRE
A3KNS9	atraid	ARAID_DANRE
A3KNX6	c3orf70b	CC70B_DANRE
A3KP37	ndufaf5	NDUF5_DANRE
A3KP85	etfbkmt	ETKMT_DANRE
A3KQS4	mindy1	MINY1_DANRE
A3QK15	aacs	AACS_DANRE
A3RK75	foxo1b	FX1AB_DANRE
A4FUM1	sept8b	SEP8B_DANRE
A4IG55	plekho1a	PKHO1_DANRE
A4IG61	mief1	MID51_DANRE
A4IG66	tmem201	TM201_DANRE
A4IG72	tgfbrap1	TGFA1_DANRE
A4IGC3	rilpl2	RIPL2_DANRE
A4IGD2	nat8l	NAT8L_DANRE
A4IGH2	rsad1	RSAD1_DANRE
A4IGH4	wdr4	WDR4_DANRE
A4QN59	dph2	DPH2_DANRE
A4QNZ7	p33monox	P33MX_DANRE
A4QP16	adnp2a	ADN2A_DANRE
A4QP72	fam83d	FA83D_DANRE
A4QP73	ttc19	TTC19_DANRE
A4QP75	trmt2b	TRM2B_DANRE
A4QP81	frrs1	FRRS1_DANRE
A4VCH0	sacm1la	SAC1A_DANRE
A4ZNR5	nkd2l	NKD2L_DANRE
A5D6R3	plcd3a	PLD3A_DANRE
A5D6U8	acp7	ACP7_DANRE
A5D8S8	hexim1	HEXI1_DANRE
A5PF62	themis	THMS1_DANRE
A5PLC8	ptmab	PTMAB_DANRE
A5PLK2	lhpp	LHPP_DANRE
A5PMF6	colgalt1	GT251_DANRE
A5PMX1	slc30a7	ZNT7_DANRE
A5WUL3	med22	MED22_DANRE
A5WUN7	camsap1b	CAM1B_DANRE
A5WUT8	epg5	EPG5_DANRE
A5WUX7	mtrfr	MTRFR_DANRE
A5WUY6	stpg1	STPG1_DANRE
A5WV69	acbd5b	ACB5B_DANRE
A5WW21	rasef	RASEF_DANRE
A5WW24	ipo8	IPO8_DANRE
A6H8T2	dnai7	DNAI7_DANRE
A7MBU6	tdo2a	T23OA_DANRE
A7MC22	ccdc69	CCD69_DANRE
A7MD70	spdl1	SPDLY_DANRE
A7RJ12		NEP3_NEMVE
A7RMN1		KV51_NEMVE
A7SRR3		SHKL2_NEMVE
A7UA95	radil	RADIL_DANRE
A7Y7X5	znf711	ZN711_DANRE
A7YT82	nmt2	NMT2_DANRE
A7YY07	shfl	SHFL_DANRE
A8E534	kdm8	KDM8_DANRE
A8E7D2	bcdin3d	BN3D2_DANRE
A8E7G4	dennd10	DEN10_DANRE
A8E7G5	sfxn4	SFXN4_DANRE
A8E7N9	gdf6b	GDF6B_DANRE
A8KB34	aspa	ACY2_DANRE
A8KBL7	mettl2a	MET2A_DANRE
A8WFS8	pgap3	PGAP3_DANRE
A8WG88	tmx2a	TMX2A_DANRE
A8WGA3	lrfn1l	LFN1L_DANRE
A8WGT1	ch25hl2	C25L2_DANRE
A9C3P0	mlec	MLEC_DANRE
A9JRE2	mri1	MTNA_DANRE
A9JRX0	msl1l1	MSL1_DANRE
B0R0W9	tbc1d8b	TBC8B_DANRE
B0R191	cxcl11.6	CX116_DANRE
B0R1D5	suz12b	SZ12B_DANRE
B0S5D5	zdhhc12a	ZD12A_DANRE
B0S6R1	nckap1	NCKP1_DANRE
B0S6U7	eral1	ERAL1_DANRE
B0S794	ankrd45	ANR45_DANRE
B0UXH6	ralgps1	RGPS1_DANRE
B0UYF2	slc7a14a	S7A14_DANRE
B0UZC8	vwc2l	VWC2L_DANRE
B0V0U5	urb2	URB2_DANRE
B0V207	fhip1b	FHI1B_DANRE
B0V3F8	prkra	PRKRA_DANRE
B1H1H3	zdhhc21	ZDH21_DANRE
B2HIN3	tesA	TESA_MYCMM
B2ZGJ1	chat	CLAT_DANRE
B3DFP2	uqcc3	UQCC3_DANRE
B3DFW5	stmp1	STMP1_DANRE
B3DGU2	rab11fip4b	RFP4B_DANRE
B3DHH5	smim1	SMIM1_DANRE
B3DHW5	shisa9b	SHA9B_DANRE
B3DJM5	tshz1	TSH1_DANRE
B5B3U4	ifng1	IFNG1_CARAU
B5DEL3	Ttc17	TTC17_RAT
B6RSP1	plekha7	PKHA7_DANRE
B7ZD04	sfr1	SFR1_DANRE
B8A556	dnph1	DNPH1_DANRE
B8A5I7	ssbp1	SSBP_DANRE
B8JKP6	greb1l	GRB1L_DANRE
B8JM82	ntmt2	NTM1B_DANRE
B8JMH0	iba57	CAF17_DANRE
C0HM54	Scg2a	SCG2A_DANRE
C8AW45	ifng1r	IFNGR_CARAU
C8AW46	ifngr1	INGR1_CARAU
C8AW47	ifngr1l	INR1L_CARAU
D4HPD6		CA1A_CONCT
E7EXT2	uvssa	UVSSA_DANRE
E7EXZ6	brawnin	BWNIN_DANRE
E7EYQ9	tmem216	TM216_DANRE
E7EZI4	zdhhc11	ZDH11_DANRE
E7F021	zdhhc12b	ZD12B_DANRE
E7F1C4	smarcad1b	SMRDB_DANRE
E7F221	frmd8	FRMD8_DANRE
E7F4V6	trabd2b	TIKI2_DANRE
E7F6F9	klhl3	KLHL3_DANRE
E7F6V0	trabd2a	TIKI1_DANRE
E7F7V7	galr2b	GAL2B_DANRE
E7FA21	smcr8a	SMR8A_DANRE
E7FAP1	rnf169	RN169_DANRE
E7FAW3	nbeal2	NBEL2_DANRE
E7FBS9	zdhhc5b	DHC5B_DANRE
E7FBU4	mms19	MMS19_DANRE
E7FC72	exoc7	EXOC7_DANRE
E7FCN8	intu	INTU_DANRE
E7FDE0	tmem138	TM138_DANRE
E7FDW8	tdrd7b	TRD7B_DANRE
E7FDX5	lbx1b	LBX1B_DANRE
E7FE40	nemp1	NEMP1_DANRE
E7FEC4	susd4	SUSD4_DANRE
E7FF10	vwa1	VWA1_DANRE
E7FH11	zdhhc18a	ZD18A_DANRE
E7FH61	ncapg2	CNDG2_DANRE
F1Q4S1	atp9b	ATP9B_DANRE
F1Q514	exo5	EXO5_DANRE
F1Q575	naxd	NNRD_DANRE
F1Q7Z7	dnaaf3	DAAF3_DANRE
F1Q930	tmem237a	T237A_DANRE
F1QAJ4	qrsl1	GATA_DANRE
F1QCY8	spata2	SPAT2_DANRE
F1QDI9	mcm9	MCM9_DANRE
F1QFR9	psme4a	PSM4A_DANRE
F1QFU0	tmc1	TMC1_DANRE
F1QGD2	zdhhc24	ZDH24_DANRE
F1QGH6	amer2	AMER2_DANRE
F1QGH9	psmd11b	PS11B_DANRE
F1QGW6	eif2s3	IF2G_DANRE
F1QHM7	zdhhc23a	ZD23A_DANRE
F1QIC4	phactr4a	PHR4A_DANRE
F1QIK8	emp2	EMP2_DANRE
F1QJF4	rorab	RORAB_DANRE
F1QMB9	ccnk	CCNK_DANRE
F1QMV3	trappc6b	TPC6B_DANRE
F1QMY1	dynlt2b	DYT2B_DANRE
F1QN74	zmynd10	ZMY10_DANRE
F1QNV4	nup133	NU133_DANRE
F1QNX7	upf3b	REN3B_DANRE
F1QPC3	saraf	SARAF_DANRE
F1QRC1	drc1	DRC1_DANRE
F1QW93	brdt	BRDT_DANRE
F1QX91	zdhhc23b	ZD23B_DANRE
F1QXM5	ldhd	LDHD_DANRE
F1QYC4	nemp2	NEMP2_DANRE
F1QZ15	tprkb	TPRKB_DANRE
F1QZE9	tmc2b	TMC2B_DANRE
F1R2X6	psme4b	PSM4B_DANRE
F1R332	galr2a	GAL2A_DANRE
F1R3W0	taf1b	TAF1B_DANRE
F1R4Y7	cep83	CEP83_DANRE
F1R6N4	echdc1	ECHD1_DANRE
F1R983	rbbp8	CTIP_DANRE
F1RAX8	coq6	COQ6_DANRE
F1RBN2	spag1a	SPAG1_DANRE
F1RCE7	mtfr1	MTFR1_DANRE
F1RDM5	amer1	AMER1_DANRE
F6P3G4	psmd11a	PS11A_DANRE
F6P6X0	ubap1	UBAP1_DANRE
I6V1W0	bmb	BMBL_DANRE
M0RAU5	Catip	CATIP_RAT
O13234	shh	SHH_DEVAE
O13235	shh	SHH_DANAA
O13238	shh	SHH_DANAT
O13241	shh	SHH_DEVDE
O13247	shh	SHH_DEVMA
O13250	shh	SHH_DEVPA
O42249	gnb2l1	GBLP_ORENI
O42356	rx1	RX1_DANRE
O42357	rx2	RX2_DANRE
O42365	hoxa2b	HXA2B_DANRE
O42367	hoxb2a	HXB2A_DANRE
O42368	hoxb3a	HXB3A_DANRE
O42370	hoxd3a	HXD3A_DANRE
O57457	epb41l4a	E41LA_DANRE
P05486		CESS_CONGE
P09074	hoxc5a	HXC5A_DANRE
P0C7U4	c3ar1	C3AR_DANRE
P0C8M3	svbp	SVBP_DANRE
P0C8Y1	mzt1	MZT1_DANRE
P0CAX4	ecrg4b	AUGNB_DANRE
P0CK98	ccdc39	CCD39_DANRE
P0DL52		NA124_ANEVI
P0DL53		NA125_ANEVI
P0DL54		NA126_ANEVI
P0DM27		CRFA2_CONTE
P0DM44	lgr6	LGR6_DANRE
P0DOC8	cfap418	CF418_DANRE
P0DOZ7		CRFA_CONVC
P0DPT2		CA1B_CONCT
P0DQM6		CONO1_CONML
P0DQM7		CONO2_CONML
P0DQM8		CM3J_CONMA
P0DQQ9		VKT1_PALCA
P0DQR0		VKT2_PALCA
P0DQR1		VKT3_PALCA
P0DQR6		SHKL1_NEMVE
P0DUU1		T1098_CONAA
P0DUU2		T1309_CONAA
P0DUU4		A1245_CONAA
P13104	tpma	TPM1_DANRE
P15861	hoxb6a	HXB6A_DANRE
P15862	hoxc6a	HXC6A_DANRE
P17561	epd	EPD_DANRE
P31367	pou6f1	PO6F1_DANRE
P36977	snap25a	SN25A_CARAU
P36978	snap25b	SN25B_CARAU
P50541	mxi1	MXI1_DANRE
P51046	mtnr1aa	MR1AA_DANRE
P51047	mtnr1al	MR1AL_DANRE
P51049	mtnr1bb	MR1BB_DANRE
P52889	lhx5	LHX5_DANRE
P57101	hand2	HAND2_XENLA
P58368	ankhb	ANKHB_DANRE
P58781	ada2a	ADA2_DANRE
P59679	actr8	ARP8_DANRE
P59845	slc18a3b	VACHB_DANRE
P61485	rpl36a	RL36A_DANRE
P62084	rps7	RS7_DANRE
P62247	rps8	RS8_DANRE
P79682	shh	SHH_AMBCH
P79709	shh	SHH_DANKE
P79717	shh	SHH_DANAP
P79724	hoxa13b	HXADB_DANRE
P79729	dhh	DHH_DANRE
P79838	shh	SHH_PETCC
P79839	shh	SHH_PSEPR
P79850	shh	SHH_PUNTE
P79858	shh	SHH_RASEL
P79864	shh	SHH_TRIHE
P79869	shh	SHH_RASPA
P79915	shh	SHH_TANAL
P86094		3SX_MICSU
P86095		3S11_MICSU
P86096		3NX2_MICSU
P86097		3S13_MICSU
P86098		3NX4_MICSU
P86099		3NX5_MICSU
P86347	cdca9	BORE2_DANRE
Q00IB7	plekhh1	PKHH1_DANRE
Q01703	msxc	MSXC_DANRE
Q01704	msxd	MSXD_DANRE
Q03357	msxa	MSXA_DANRE
Q04475	b2m	B2MG_DANRE
Q04896	eng1a	HME1A_DANRE
Q05AK5	mylipb	MYLIB_DANRE
Q05AL2	ppm1h	PPM1H_DANRE
Q05AM5	elp2	ELP2_DANRE
Q08BB1	gfm1	EFGM_DANRE
Q08BB3	dcaf12	DCA12_DANRE
Q08BC6	eno4	ENO4_DANRE
Q08BM0	trmt10b	TM10B_DANRE
Q08BU8	rgs7bpa	R7BPA_DANRE
Q08BV2	tyw5	TYW5_DANRE
Q08BW0	otud5a	OTU5A_DANRE
Q08BY5	jmjd4	JMJD4_DANRE
Q08C57	fdx2	FDX2_DANRE
Q08C60	fut11	FUT11_DANRE
Q08C72	cwc22	CWC22_DANRE
Q08C75	slc18a3a	VACHA_DANRE
Q08C76	ssuh2	SSUH2_DANRE
Q08C92	tyw1	TYW1_DANRE
Q08CB3	Eva1a	EVA1A_DANRE
Q08CH3	mpnd	MPND_DANRE
Q08CK1	ecsit	ECSIT_DANRE
Q08CL3	kbtbd8	KBTB8_DANRE
Q08CM4	lin54	LIN54_DANRE
Q08CN0	trappc2	TPPC2_DANRE
Q08D75	brd4-a	BRD4A_XENLA
Q0P3U3	exd1	EXD1_DANRE
Q0P3Z8	ubxn10	UBX10_DANRE
Q0P410	bmt2	SAMTR_DANRE
Q0P426	ska2	SKA2_DANRE
Q0P427	ppp1r35	PPR35_DANRE
Q0P436	tmem14c	TM14C_DANRE
Q0P466	trmt12	TYW2_DANRE
Q0P487	cyb5r2	NB5R2_DANRE
Q0P496	marchf4	MARH4_DANRE
Q0P499	ears2	SYEM_DANRE
Q0P4F7	acsf2	ACSF2_DANRE
Q0VFV6	vimp	SELS_DANRE
Q0VIL3	otomp	OTOMP_DANRE
Q1EG28	bglapBGP	OSTC1_SOLSE
Q1JPT7	thap1	THAP1_DANRE
Q1JPX3	farsa	SYFA_DANRE
Q1JPY8	pspc1	PSPC1_DANRE
Q1L864	jagn1b	JGN1B_DANRE
Q1L867	fndc5	FNDC5_DANRE
Q1L8F9	kics2	KICS2_DANRE
Q1L8G7	gatad1	GATD1_DANRE
Q1L8I0	pus7l	PUS7L_DANRE
Q1L8P7	thbs3b	TSP3B_DANRE
Q1L8W0	zbtb18	ZBT18_DANRE
Q1L8X2	ensa	ENSA_DANRE
Q1L8Y6	bbip1	BBIP1_DANRE
Q1L8Y7	shoc2	SHOC2_DANRE
Q1L981	tdrd5	TDRD5_DANRE
Q1L9A2	opa3	OPA3_DANRE
Q1LU93	abitram	ABITM_DANRE
Q1LUA8	eif3eb	EI3EB_DANRE
Q1LUI2	hddc2	HDDC2_DANRE
Q1LUM3	endouc	ENDUC_DANRE
Q1LUV9	mid1ip1b	M1I1B_DANRE
Q1LV46	abhd14a	ABHEA_DANRE
Q1LVC2	jarid2b	JARD2_DANRE
Q1LVN1	Fam174b	F174B_DANRE
Q1LVN8	selenoo1	SELO1_DANRE
Q1LVQ2	sh3bp4a	SH34A_DANRE
Q1LVW0	abtb3a	ABT3A_DANRE
Q1LW89	casd1	CASD1_DANRE
Q1LWE6	baiap2l2	BI2L2_DANRE
Q1LWJ6	arpin	ARPIN_DANRE
Q1LWL2	dusp22a	DS22A_DANRE
Q1LWV4	lhx9	LHX9_DANRE
Q1LWV7	meak7	MEAK7_DANRE
Q1LWX3	ntaq1	NTAQ1_DANRE
Q1LX29	ccdc79	TERB1_DANRE
Q1LX59	ch25hl1.2	C2512_DANRE
Q1LXC9	ints3	INT3_DANRE
Q1LXK4	mov10b.1	M10B1_DANRE
Q1LXK5	mov10b.2	M10B2_DANRE
Q1LXZ9	skor1b	SKR1B_DANRE
Q1LY84	c3orf70a	CC70A_DANRE
Q1LYE3	znf143	ZN143_DANRE
Q1LYG0	sh3pxd2a	SPD2A_DANRE
Q1MTD3	rnmt	MCES_DANRE
Q1RLT2	sptssb	SPTSB_DANRE
Q1RLU9	cdk15	CDK15_DANRE
Q1RM35	cfap36	CFA36_DANRE
Q1RMA6	parpbp	PARI_DANRE
Q29R99	lipt2	LIPT2_DANRE
Q29RB4	olfml3a	OLF3A_DANRE
Q2EY13	prtgb	PRTGB_DANRE
Q2I327	dmrta2	DMTA2_XIPMA
Q2LE08	foxp1b	FXP1B_DANRE
Q2THW0	zdhhc5a	DHC5A_DANRE
Q2TLY1	maco1b	MACO2_DANRE
Q2TLY2	Maco1a	MACO1_DANRE
Q2YDP8	thnsl2	THNS2_DANRE
Q2YDQ5	fbxl5	FBXL5_DANRE
Q2YDS5	scnm1	SCNM1_DANRE
Q32LQ3	osgepl1	OSGL1_DANRE
Q32LQ6	mfsd1	MFSD1_DANRE
Q32LU7	ptcd3	PTCD3_DANRE
Q32PN7	dzip1l	DZI1L_DANRE
Q32PP1	mrnip	MRNIP_DANRE
Q32PP3	pdik1l	PDK1L_DANRE
Q32PR0	tmem55ba	T55BA_DANRE
Q32PV0	gulp1	GULP1_DANRE
Q32PW3	taf2	TAF2_DANRE
Q32TF8	efhc2	EFHC2_DANRE
Q3B7H2	tamm41	TAM41_DANRE
Q499A3	dnaaf2	KTU_DANRE
Q499B3	kansl3	KANL3_DANRE
Q4KM14	trnau1apl	TSP1L_DANRE
Q4KMC8	aldoca	ALDCA_DANRE
Q4KMI4	reep2	REEP2_DANRE
Q4KMK0	nsun3	NSUN3_DANRE
Q4QRC6	isca1	ISCA1_DANRE
Q4QRK0	metap1	MAP11_DANRE
Q4V8R6	e4f1	E4F1_DANRE
Q4V8V1	brms1la	BM1LA_DANRE
Q4V8V2	nudt17	NUD17_DANRE
Q4V8Y6	ergic1	ERGI1_DANRE
Q4V8Z3	cep19	CEP19_DANRE
Q4V9P3	rgs7bpb	R7BPB_DANRE
Q4V9P6	adal	ADAL_DANRE
Q4VBI7	stx18	STX18_DANRE
Q4VBS4	metap1d	MAP12_DANRE
Q4VBT1	fabp1b.1	FA1B1_DANRE
Q4VBV9	nit2	NIT2_DANRE
Q501S4	cskmt	CSKMT_DANRE
Q501V0	pskh1	KPSH1_DANRE
Q501Z5	gtpbp3	GTPB3_DANRE
Q502F0	creb3l3a	CR3LA_DANRE
Q502I6	cyb5r4	NB5R4_DANRE
Q502K1	exog	EXOG_DANRE
Q502L1	acbd5a	ACB5A_DANRE
Q502L2	pgam5	PGAM5_DANRE
Q502L7	ak8	KAD8_DANRE
Q502M5	edc3	EDC3_DANRE
Q502M8	eri2	ERI2_DANRE
Q502P7	banp	BANP_DANRE
Q503E1	cpsf3l	INT11_DANRE
Q503E9	kpna5	IMA6_DANRE
Q503F2	barx1	BARX1_DANRE
Q503G8	slc38a6	S38A6_DANRE
Q503I2	trim13	TRI13_DANRE
Q503I8	ngly1	NGLY1_DANRE
Q503J2	trmu	MTU1_DANRE
Q503L9	nxn	NXN_DANRE
Q503M4	slc16a12b	MT12B_DANRE
Q503N9	tada2b	TAD2B_DANRE
Q503Q1	spata18	MIEAP_DANRE
Q503S1	fign	FIGN_DANRE
Q503U3		MFFA_DANRE
Q503V0	chmp6	CHMP6_DANRE
Q503V9	endoub	ENDUB_DANRE
Q503W7	atad1b	ATD1B_DANRE
Q503Y7	pin4	PIN4_DANRE
Q50D79	uncx	UNC4_DANRE
Q52KB5	zbtb24	ZBT24_DANRE
Q566M8	rnf150	RN150_DANRE
Q566N0	enpp4	ENPP4_DANRE
Q566R7	dusp22b	DS22B_DANRE
Q566S6	dhrs7b	DRS7B_DANRE
Q566U4	afmid	KFA_DANRE
Q566V3	mrm3a	MRM3A_DANRE
Q566W7	snx30	SNX30_DANRE
Q566Y1	elp4	ELP4_DANRE
Q566Y8	magoh	MGN_DANRE
Q566Y9	mppe1	MPPE1_DANRE
Q567G2	wdr73	WDR73_DANRE
Q567V6	eif3k	EIF3K_DANRE
Q567W6	dph1	DPH1_DANRE
Q567X1	ch25hl1.1	C25L1_DANRE
Q568A0	prkrip1	PKRI1_DANRE
Q568D5	babam2	BABA2_DANRE
Q568H3	mad2l2	MD2L2_DANRE
Q568K2	ppp1r11	PP1RB_DANRE
Q568K9	fam50a	FA50A_DANRE
Q568L5	akr1a1b	A1A1B_DANRE
Q568N4	timm10b	T10B_DANRE
Q568P1	hddc3	MESH1_DANRE
Q568Q0	nudt18	NUD18_DANRE
Q568V3	nccrp1	FBX50_DANRE
Q56A35	actr2b	ARP2B_DANRE
Q56A55	abcb8	MITOS_DANRE
Q575S8	cygb2	CYGB2_DANRE
Q58A48	tsku	TSK_DANRE
Q58EB4	hibch	HIBCH_DANRE
Q58EE9	gfap	GFAP_DANRE
Q58EG2	erlin1	ERLN1_DANRE
Q58EJ9	mtarc1	MARC1_DANRE
Q58EK4	parl	PARL_DANRE
Q58EL2	tmem35a	NACHO_DANRE
Q58EL7	ska3	SKA3_DANRE
Q58EN8	vps33b	VP33B_DANRE
Q5BJ10	phf23a	PF23A_DANRE
Q5BJC2	tmem167a	KISHA_DANRE
Q5BJJ7	bccip	BCCIP_DANRE
Q5BL29	slc39a9	S39A9_DANRE
Q5BL35	spopla	SPOLA_DANRE
Q5BLC7	shisa9a	SHA9A_DANRE
Q5BLD8	mettl21a	MT21A_DANRE
Q5BLE2	miga2	MIGA2_DANRE
Q5BLE8	retsat	RETST_DANRE
Q5CZN0	fitm1l	FITM1_DANRE
Q5CZV0	tmem182a	TM182_DANRE
Q5D013	eef1akmt2	EFMT2_DANRE
Q5EAQ1	mif4gdb	M4GDB_DANRE
Q5EAR6	ccdc115	CC115_DANRE
Q5EB14	slc50a1	SWET1_DANRE
Q5EG55	rybpb	RYBPB_DANRE
Q5F2N3	fut10	FUT10_DANRE
Q5I2W8	nbn	NBN_DANRE
Q5MJ86	gapdh-2	G3P2_DANRE
Q5PNN8	hint3	HINT3_DANRE
Q5PQY6	lonp2	LONP2_DANRE
Q5PQZ3	slc30a9	ZNT9_DANRE
Q5PR34	slc7a2	CTR2_DANRE
Q5PR61	lmbrd1	LMBD1_DANRE
Q5PRC0	ch25h	CH25H_DANRE
Q5PRD0	ywhaba	143BA_DANRE
Q5PZ43	xirp1	XIRP1_DANRE
Q5RFW0	scara5	SCAR5_DANRE
Q5RG49	aasdh	ACSF4_DANRE
Q5RG82	ivns1abpa	NS1BA_DANRE
Q5RGE5	dclre1c	DCR1C_DANRE
Q5RGE6	hspa14	HSP7E_DANRE
Q5RGV1	impdh1b	IMDH3_DANRE
Q5RH02	sco2	SCO2_DANRE
Q5RHQ8	lin9	LIN9_DANRE
Q5RHR6	tbc1d32	BROMI_DANRE
Q5RHU7	mdm1	MDM1_DANRE
Q5RHX6	dcun1d4	DCNL4_DANRE
Q5RHY1	mcm10	MCM10_DANRE
Q5RID7	snx17	SNX17_DANRE
Q5RIV4	adat2	ADAT2_DANRE
Q5RIW8	med23	MED23_DANRE
Q5RKN4	glyr1	GLYR1_DANRE
Q5RZ65	agr2	AGR2_DANRE
Q5SP46	gxylt1	GXLT1_DANRE
Q5SP50	zcrb1	ZCRB1_DANRE
Q5SP67	wdr26	WDR26_DANRE
Q5SP90	smek1	PP4R3_DANRE
Q5SPD7	pycr3	P5CR3_DANRE
Q5SPP0	clvs2	CLVS2_DANRE
Q5SQE2	stxbp5l	STB5L_DANRE
Q5TYS0	lace1b	LCE1B_DANRE
Q5TYV0	emc7	EMC7_DANRE
Q5TZ80	hook1	HOOK1_DANRE
Q5TZA3	tmem251	LYSET_DANRE
Q5U378	tbce	TBCE_DANRE
Q5U379	smarcb1a	SNF5_DANRE
Q5U385	tbpl1	TBPL1_DANRE
Q5U3F2	slu7	SLU7_DANRE
Q5U3F8	haao	3HAO_DANRE
Q5U3G6	yif1b	YIF1B_DANRE
Q5U3I2	slc7a6os	S7A6O_DANRE
Q5U3N0	plekha8	PKHA8_DANRE
Q5U3N5	pptc7	PPTC7_DANRE
Q5U3Q6	trip10	CIP4_DANRE
Q5U3S7	nosip	NOSIP_DANRE
Q5U3T0	mgat4c	MGT4C_DANRE
Q5U3U4	cdadc1	CDAC1_DANRE
Q5U3W0	cpped1	CPPED_DANRE
Q5U3Z0	Cfap298	CF298_RAT
Q5U403	mvd	MVD1_DANRE
Q5XIZ6	gpd1l	GPD1L_DANRE
Q5XJ13	anks6	ANKS6_DANRE
Q5XJ34	kctd15l	KC15L_DANRE
Q5XJ97	c1d	C1D_DANRE
Q5XJA3	prrc1	PRRC1_DANRE
Q5XJP0	b3gnt5b	B3G5B_DANRE
Q5XJS5	thoc6	THOC6_DANRE
Q5XJX0	jagn1a	JGN1A_DANRE
Q5XJX1	scgn	SEGN_DANRE
Q5XLR4	cdca8	BORE1_DANRE
Q5XXA7	hdgfl2	HDGR2_DANRE
Q63ZW2	chchd6a	MC25A_DANRE
Q642H2	crebl2	CRBL2_DANRE
Q642H3	sept8a	SEP8A_DANRE
Q642H9	rps4x	RS4X_DANRE
Q642M9	dhdh	DHDH_DANRE
Q66HV4	copb1	COPB_DANRE
Q66HV9	lingo1b	LIG1B_DANRE
Q66HW4	glmp	GLMP_DANRE
Q66I06	ggact.2	GGACB_DANRE
Q66I12	ccdc47	CCD47_DANRE
Q66I21	aldh8a1	AL8A1_DANRE
Q66I22	srrt	SRRT_DANRE
Q66I24	ass1	ASSY_DANRE
Q66I51	tmem55bb	T55BB_DANRE
Q66I67	ift20	IFT20_DANRE
Q66I71	uck1	UCK1_DANRE
Q66I75	apip	MTNB_DANRE
Q66I79	selenok	SELK_DANRE
Q66I84	dscc1	DCC1_DANRE
Q66IE4	tmem237b	T237B_DANRE
Q66IF1	reep6	REEP6_DANRE
Q66JN8	cplane2	CPLN2_DANRE
Q66L51	coq5	COQ5_DANRE
Q66L58	vac14	VAC14_DANRE
Q68EH7	hoxc8a	HXC8A_DANRE
Q68EH8	flad1	FAD1_DANRE
Q68EK7	rab4b	RAB4B_DANRE
Q68EK9	cdc26	CDC26_DANRE
Q68EL3	bet1l	BET1L_DANRE
Q68EL6	nfil3	NFIL3_DANRE
Q68FN7	sdhdb	DHSDB_DANRE
Q68Y21	grid2	GRID2_DANRE
Q6AXJ9	cdkl1	CDKL1_DANRE
Q6AXL4	ncaldb	NCLDB_DANRE
Q6AXM1	chst10	CHSTA_DANRE
Q6AZA0	acat1	THIL_DANRE
Q6AZD3	meaf6	EAF6_DANRE
Q6AZD4	immp2l	IMP2L_DANRE
Q6AZW2	akr1a1a	A1A1A_DANRE
Q6B3P0	cdhr1	CDHR1_DANRE
Q6DBR0	rpusd4	RUSD4_DANRE
Q6DBR4	tipin	TIPIN_DANRE
Q6DBU5	gmppb	GMPPB_DANRE
Q6DBU8	liph	LIPH_DANRE
Q6DBV4	phospho1	PHOP1_DANRE
Q6DBW9	cd99l2	C99L2_DANRE
Q6DBY0	nup85	NUP85_DANRE
Q6DBY5	uevld	UEVLD_DANRE
Q6DBY9	chst1	CHST1_DANRE
Q6DC02	kctd15	KCD15_DANRE
Q6DC03	suz12a	SZ12A_DANRE
Q6DC39	desi2	DESI2_DANRE
Q6DC66	boka	BOKA_DANRE
Q6DEG4	lamtor2	LTOR2_DANRE
Q6DEI8	chchd4	MIA40_DANRE
Q6DFF2	brd4-b	BRD4B_XENLA
Q6DG03	dmtf1	DMTF1_DANRE
Q6DGA6	allc	ALLC_DANRE
Q6DGI0	rgs8	RGS8_DANRE
Q6DGJ1	grifin	GRIFN_DANRE
Q6DGK2	ldhbb	LDHBB_DANRE
Q6DGK9	cstpp1	CSTP1_DANRE
Q6DGL2	nkiras2	KBRS2_DANRE
Q6DGM2	sdhda	DHSDA_DANRE
Q6DGN6	spty2d1	SPT2_DANRE
Q6DGP4	ndfip1l	NFI1L_DANRE
Q6DGQ0	supt4h1	SPT4H_DANRE
Q6DGQ1	nkiras1	KBRS1_DANRE
Q6DGT7	nsmce1	NSE1_DANRE
Q6DGV1	celf4	CELF4_DANRE
Q6DGZ1	b9d2	B9D2_DANRE
Q6DGZ3	thoc7	THOC7_DANRE
Q6DH42	eny2	ENY2_DANRE
Q6DH46	pxylp1	PXYP1_DANRE
Q6DH65	denr	DENR_DANRE
Q6DH66	tomm20b	TM20B_DANRE
Q6DHB1	dnal1	DNAL1_DANRE
Q6DHG8	ska1	SKA1_DANRE
Q6DHH7	lzic	LZIC_DANRE
Q6DHI0	acy3.1	ACY3A_DANRE
Q6DHL4	sumo2	SUMO2_DANRE
Q6DHP1	cldn7a	CLD7A_DANRE
Q6DHQ3	acy3.2	ACY3B_DANRE
Q6DHR3	rasgef1ba	RG1BA_DANRE
Q6DHU1	clptm1l	CLP1L_DANRE
Q6DI05	sumo3	SUMO3_DANRE
Q6DI35	tfip11	TFP11_DANRE
Q6DI37	ublcp1	UBCP1_DANRE
Q6DKF0	mxc	MXC_DANRE
Q6DRC4	eif3g	EIF3G_DANRE
Q6DRF9	wdr55	WDR55_DANRE
Q6DRG1	rbm42	RBM42_DANRE
Q6DRH5	nop10	NOP10_DANRE
Q6DRI4	polr1d	RPAC2_DANRE
Q6DRI7	ddx51	DDX51_DANRE
Q6DRJ7	ndc80	NDC80_DANRE
Q6DRJ9	ric8b	RIC8B_DANRE
Q6DRL5	mybbp1a	MBB1A_DANRE
Q6DRN3	noc3l	NOC3L_DANRE
Q6GMF8	rhbdf1	RHDF1_DANRE
Q6GMG8	litaf	LITAF_DANRE
Q6GMH3	twf2	TWF2_DANRE
Q6GML1	cmah	CMAH_DANRE
Q6GQM0	mreg	MREG_DANRE
Q6GQN5	ppp1r42	PPR42_DANRE
Q6GQN8	mecr	MECR_DANRE
Q6IQ97	rbm4.1	RBM41_DANRE
Q6IQC7	tmx2b	TMX2B_DANRE
Q6IQE1	pip4k2c	PI42C_DANRE
Q6IQH6	plppr1	PLPR1_DANRE
Q6IQM2	cyc	CYC_DANRE
Q6IQP3	calua	CALUA_DANRE
Q6IQS6	sae1	SAE1_DANRE
Q6IQU6	rpf1	RPF1_DANRE
Q6JIY4	hoxc13b	HXCDB_DANRE
Q6NSM8		SIK3_DANRE
Q6NUW5	anp32e	AN32E_DANRE
Q6NUX0	wfikkn	WFKN_DANRE
Q6NV18	nhej1	NHEJ1_DANRE
Q6NV31	wdr82	WDR82_DANRE
Q6NV34	decr2	DECR2_DANRE
Q6NVJ5	dip2ba	DI2BA_DANRE
Q6NW52	msrb2	MSRB2_DANRE
Q6NW95	fbxl15	FXL15_DANRE
Q6NWB6	ucma	UCMA_DANRE
Q6NWE1	phf10	PHF10_DANRE
Q6NWG1	lrrc59	LRC59_DANRE
Q6NWJ4	dnajc2	DNJC2_DANRE
Q6NWL4	cnot9	CNOT9_DANRE
Q6NWZ9	cdo1	CDO1_DANRE
Q6NX08	wdr12	WDR12_DANRE
Q6NXA4	ilf3	ILF3_DANRE
Q6NXA9	ubxn1	UBXN1_DANRE
Q6NXD2	chmp2b	CHM2B_DANRE
Q6NY52	thoc5	THOC5_DANRE
Q6NY64	ppp2r2d	2ABD_DANRE
Q6NY77		HOGA1_DANRE
Q6NY88	chmp3	CHMP3_DANRE
Q6NY89	lsg1	LSG1_DANRE
Q6NYA0	srsf1b	SRS1B_DANRE
Q6NYD1	romo1	ROMO1_DANRE
Q6NYD4	mak16	MAK16_DANRE
Q6NYE4	agmo	ALKMO_DANRE
Q6NYG6	tdrd3	TDRD3_DANRE
Q6NYK3	spred2	SPRE2_DANRE
Q6NYM1	klhl21	KLH21_DANRE
Q6NYN7	slc22a6	S22A6_DANRE
Q6NYP8	eef1akmt1	EFMT1_DANRE
Q6NYT1	med8	MED8_DANRE
Q6NYZ4	pla1a	PLA1A_DANRE
Q6NYZ6	slc25a25a	SCM2A_DANRE
Q6NZ09	adrm1b	ADRM1_DANRE
Q6NZ13	nbl1	NBL1_DANRE
Q6NZ18	khdc4	KHDC4_DANRE
Q6NZ21	rnft1	RNFT1_DANRE
Q6NZ22	mettl14	MET14_DANRE
Q6NZS4	rtcb	RTCB_DANRE
Q6NZT6	irf2bp2a	I2B2A_DANRE
Q6NZW8	arl8ba	AR8BA_DANRE
Q6P011	emc4	EMC4_DANRE
Q6P026	banf1	BAF_DANRE
Q6P0C7	scamp5	SCAM5_DANRE
Q6P0D1	slc30a6	ZNT6_DANRE
Q6P0D5	wbp11	WBP11_DANRE
Q6P0D7	mpp7	MPP7_DANRE
Q6P0E7	tfap2e	AP2E_DANRE
Q6P0E8	plpp7	PLPP7_DANRE
Q6P0F0	emc6	EMC6_DANRE
Q6P0G6	myl1	MYL1_DANRE
Q6P0H7	cbr4	CBR4_DANRE
Q6P0I6	znf830	ZN830_DANRE
Q6P0I8	exosc6	EXOS6_DANRE
Q6P0U0	amdhd2	NAGA_DANRE
Q6P0U9	nup42	NUP42_DANRE
Q6P104	qkib	QKIB_DANRE
Q6P116	rcor2	RCOR2_DANRE
Q6P132	tax1bp1b	TXB1B_DANRE
Q6P135	tmub1	TMUB1_DANRE
Q6P298	nubp1	NUBP1_DANRE
Q6P2T0	tmem38a	TM38A_DANRE
Q6P3H4	naprt	PNCB_DANRE
Q6P3L0	mvp	MVP_DANRE
Q6P402	cep89	CEP89_DANRE
Q6P4P2	lmbrd2b	LMD2B_DANRE
Q6P698	lcp1	PLSL_DANRE
Q6P6E6	cops9	CSN9_DANRE
Q6P8A3	foxi1e	FXI1E_XENTR
Q6P9Z4	fem1a	FEM1A_DANRE
Q6PBN5	aup1	AUP1_DANRE
Q6PBP3	prxl2a	PXL2A_DANRE
Q6PBQ2	chmp7	CHMP7_DANRE
Q6PBS6	tmem258	TM258_DANRE
Q6PBT5	pyroxd1	PYRD1_DANRE
Q6PBT7	dnajc19	TIM14_DANRE
Q6PBU7	uqcc2	UQCC2_DANRE
Q6PBV6	nhp2	NHP2_DANRE
Q6PBX9	reep5	REEP5_DANRE
Q6PBY0	gnb5b	GNB5B_DANRE
Q6PC19	ssu72	SSU72_DANRE
Q6PC24	yif1a	YIF1A_DANRE
Q6PC29	ywhag1	143G1_DANRE
Q6PCS4	arhgap29	RHG29_DANRE
Q6PD82	tmem129	TM129_DANRE
Q6PE25	eef1g	EF1G_DANRE
Q6PEH1	kdelr2	ERD22_DANRE
Q6PFJ7	smpd4	NSMA3_DANRE
Q6PFL0	med27	MED27_DANRE
Q6PFM9	wdr48	WDR48_DANRE
Q6PFQ2	eif3c	EIF3C_DANRE
Q6PFS5	kdelr3	ERD23_DANRE
Q6PFS7	atg3	ATG3_DANRE
Q6PFT9	apbb1ip	AB1IP_DANRE
Q6PG31	rnps1	RNPS1_DANRE
Q6PGX3	lrfn1	LRFN1_DANRE
Q6PGY5	dnajc21	DJC21_DANRE
Q6PGZ0	cep63	CEP63_DANRE
Q6PH11	pym1	PYM1_DANRE
Q6PH19	gatm	GATM_DANRE
Q6PH52	trip13	PCH2_DANRE
Q6PH57	gnb1	GBB1_DANRE
Q6PHD9	selenbp1	SBP1_DANRE
Q6PHE8	ccdc124	CC124_DANRE
Q6PHG2	hpx	HEMO_DANRE
Q6PHG4	lias	LIAS_DANRE
Q6PHY8	selenot1b	SELTB_DANRE
Q6PI52	calm1a; calm1b; calm2a; calm2b; calm3a; calm3b	CALM_DANRE
Q6PUF3	hsd11b1l	DHI1L_DANRE
Q6R3Q6	bsx	BSH_DANRE
Q6R5J1	disp2	DISP2_DANRE
Q6RVD7	sox21b	SX21B_DANRE
Q6TEL3	cdc42se1	C42S1_DANRE
Q6TEN6	wdr91	WDR91_DANRE
Q6TEP1	fam91a1	F91A1_DANRE
Q6TGS6	yars1	SYYC_DANRE
Q6TGY8	emc2	EMC2_DANRE
Q6TGZ5	hpd	HPPD_DANRE
Q6TH15	eif3d	EIF3D_DANRE
Q6TH47	stambpa	STBPA_DANRE
Q6TLE4	mmgt1	EMC5_DANRE
Q6TLE6	orai1	CRCM1_DANRE
Q6TLF6	rgn	RGN_DANRE
Q6TNP8	vps26a	VP26A_DANRE
Q6TNS7	rabl3	RABL3_DANRE
Q6VNZ9	myf6	MYF6_DANRE
Q6W990	hoxa13a	HXADA_DANRE
Q6ZM19	eif6	IF6_DANRE
Q6ZM28	slc48a1a	HRG1B_DANRE
Q6ZM51	ficd	FICD_DANRE
Q701R2	st6gal2	SIAT2_DANRE
Q708W2	foxj1-a	FXJ1A_XENLA
Q71N41	gamt	GAMT_DANRE
Q71PD7	h2az2a	H2AV_DANRE
Q71SG7	gcnt4	GCNT4_DANRE
Q75W95	nkx1.2lb	NKX11_DANRE
Q791T5	Mtch1	MTCH1_MOUSE
Q7SXA9	mus81	MUS81_DANRE
Q7SXB3	pik3ip1	P3IP1_DANRE
Q7SXB5	phf23b	PF23B_DANRE
Q7SXE4	golga5	GOGA5_DANRE
Q7SXF6	creld2	CREL2_DANRE
Q7SXK5	amdhd1	HUTI_DANRE
Q7SXP2	nae1	ULA1_DANRE
Q7SXP4	srsf1a	SRS1A_DANRE
Q7SXR1	tarbp2	TRBP2_DANRE
Q7SXU0	eif3ja	EI3JA_DANRE
Q7SXV1	tbc1d23	TBC23_DANRE
Q7SXV2	aebp2	AEBP2_DANRE
Q7SXV9	calub	CALUB_DANRE
Q7SXW0	slc25a39	S2539_DANRE
Q7SXW2	zgpat	ZGPAT_DANRE
Q7SXW6	actr2a	ARP2A_DANRE
Q7SXY4	dync2li1	DC2L1_DANRE
Q7SXZ1	pigb	PIGB_DANRE
Q7SY10	tmem161b	T161B_DANRE
Q7SY21	tada3	TADA3_DANRE
Q7SY23	aldh4a1	AL4A1_DANRE
Q7SY29	slc37a2	G6PT3_DANRE
Q7SY31	pacc1	PACC1_DANRE
Q7SY49	camkv	CAMKV_DANRE
Q7SY53	tdo2b	T23OB_DANRE
Q7SY54	etnppl	AT2L1_DANRE
Q7SYB3	rybpa	RYBPA_DANRE
Q7SYB5	def6	DEFI6_DANRE
Q7SYI5	c1galt1b	C1GTB_DANRE
Q7SYK1	qtrt1	TGT_DANRE
Q7SYL1	arl2bp	AR2BP_DANRE
Q7SYM0	uck2a	UCK2A_DANRE
Q7SYN4	nt5c3	5NT3_DANRE
Q7SZC5	ndc1	NDC1_DANRE
Q7SZN2	rnf170	RN170_DANRE
Q7SZQ4		MFFB_DANRE
Q7SZQ7	surf4	SURF4_DANRE
Q7T006	telo2	TELO2_DANRE
Q7T010	gatb	GATB_DANRE
Q7T047	cx32.2	CX32_DANRE
Q7T070	rhbg	RHBG_DANRE
Q7T141	pi15a	PI15A_DANRE
Q7T292	slc25a28	MFRN2_DANRE
Q7T297	fam172a	F172A_DANRE
Q7T2A5	eif3l	EIF3L_DANRE
Q7T2D1	rdh10b	RD10B_DANRE
Q7T2D4	ergic2	ERGI2_DANRE
Q7T2G1	irf2bp2b	I2B2B_DANRE
Q7T310	pigm	PIGM_DANRE
Q7T312	ccdc25	CCD25_DANRE
Q7T321	kcmf1	KCMF1_DANRE
Q7T326	cisd2	CISD2_DANRE
Q7T330	spop	SPOP_DANRE
Q7T339	chmp5	CHMP5_DANRE
Q7T346	ddit4	DDIT4_DANRE
Q7T381	bokb	BOKB_DANRE
Q7T3B0	eif3m	EIF3M_DANRE
Q7T3C7	rtn4ip1	RT4I1_DANRE
Q7T3D1	ero1a	ERO1A_DANRE
Q7T3E4	dbr1	DBR1_DANRE
Q7T3E6	bmi1b	BMI1B_DANRE
Q7T3H2	insm1b	INS1B_DANRE
Q7T3P8	fem1c	FEM1C_DANRE
Q7T3Q2	crim1	CRIM1_DANRE
Q7T3T8	zar1	ZAR1_DANRE
Q7T3X9	nrarpb	NARPB_DANRE
Q7ZT42	snd1	SND1_DANRE
Q7ZTI5	med21	MED21_DANRE
Q7ZTY4	rbbp7	RBBP7_DANRE
Q7ZTY7	use1	USE1_DANRE
Q7ZU29	dye	NUP93_DANRE
Q7ZU42	ola1	OLA1_DANRE
Q7ZUC2	sdf4	CAB45_DANRE
Q7ZUG0	snrpe	RUXE_DANRE
Q7ZUH1	rtraf	RTRAF_DANRE
Q7ZUK7	waca	WAC_DANRE
Q7ZUL9	mgrn1	MGRN1_DANRE
Q7ZUN8	ykt6	YKT6_DANRE
Q7ZUP0	anp32a	AN32A_DANRE
Q7ZUP1	tent5c	TET5C_DANRE
Q7ZUV1	plekhf2	PKHF2_DANRE
Q7ZUW2	hyou1	HYOU1_DANRE
Q7ZUW6	wdr45b	WIPI3_DANRE
Q7ZUX3	wdr45	WIPI4_DANRE
Q7ZUX6	dohh	DOHH_DANRE
Q7ZV22	mtap	MTAP_DANRE
Q7ZV26	inip	SOSSC_DANRE
Q7ZV43	tollip	TOLIP_DANRE
Q7ZV68	vps29	VPS29_DANRE
Q7ZV80	smndc1	SPF30_DANRE
Q7ZV82	rpl27	RL27_DANRE
Q7ZVA0	smu1	SMU1_DANRE
Q7ZVB1	chmp1b	CHM1B_DANRE
Q7ZVE0	gar1	GAR1_DANRE
Q7ZVF3	sdha	SDHA_DANRE
Q7ZVJ6	qtrt2	QTRT2_DANRE
Q7ZVK4	vps36	VPS36_DANRE
Q7ZVL2	wdr24	WDR24_DANRE
Q7ZVN7	med15	MED15_DANRE
Q7ZVR8	esrp2	ESRP2_DANRE
Q7ZVS8	cmtr2	CMTR2_DANRE
Q7ZVS9	mycb	MYCB_DANRE
Q7ZVU1	garem1	GARE1_DANRE
Q7ZVX0	ccnl1	CCNL1_DANRE
Q7ZVX5	reep3	REEP3_DANRE
Q7ZVY5	cs	CISY_DANRE
Q7ZVZ6	pitrm1	PREP_DANRE
Q7ZVZ7	abhd17c	AB17C_DANRE
Q7ZW02	chpt1	CHPT1_DANRE
Q7ZW16	rnf41	RNF41_DANRE
Q7ZW25	chmp2a	CHM2A_DANRE
Q7ZW34	cntn5	CNTN5_DANRE
Q7ZW41	polr2g	RPB7_DANRE
Q7ZW47	stau2	STAU2_DANRE
Q7ZW63	nuf2	NUF2_DANRE
Q7ZW77	msmo1	MSMO1_DANRE
Q7ZW78	rnf181	RN181_DANRE
Q7ZW86	cwc27	CWC27_DANRE
Q7ZWC4	pelo	PELO_DANRE
Q7ZWF0	rae1	RAE1L_DANRE
Q7ZWF4	rnf145	RN145_DANRE
Q7ZYZ6	dlgap1	DLGP1_DANRE
Q7ZYZ7	pcgf1	PCGF1_DANRE
Q7ZZ25	atad1a	ATD1A_DANRE
Q800G5	mxe	MXE_DANRE
Q800G8	mxb	MXB_DANRE
Q802F2	selenot1a	SELTA_DANRE
Q802G7	Selenom	SELM_DANRE
Q803A0	jade1	JADE1_DANRE
Q803A8	wwox	WWOX_DANRE
Q803C7	lmbr1l	LMBRL_DANRE
Q803C9	ptdss1	PTSS1_DANRE
Q803E1	ncbp3	NCBP3_DANRE
Q803G5	samm50a	SAM5A_DANRE
Q803H4	cenpa	CENPA_DANRE
Q803I2	ergic3	ERGI3_DANRE
Q803J8	zc3h15	ZC3HF_DANRE
Q803P1	eif3jb	EI3JB_DANRE
Q803R5	cmtr1	CMTR1_DANRE
Q803T2	strip1	STRP1_DANRE
Q803U7	exo1	EXO1_DANRE
Q803V3	ppp2r3c	P2R3C_DANRE
Q803X0	serinc5	SERC5_DANRE
Q803X1	ctu1	CTU1_DANRE
Q803Y4	ufm1	UFM1_DANRE
Q804S6	emx1	EMX1_DANRE
Q804W2	pvalb7	PRV7_DANRE
Q805E5	chst14	CHSTE_DANRE
Q8AV61	insig1	INSI1_DANRE
Q8AW35	phlda3	PHLA3_DANRE
Q8AW42	slc39a13	S39AD_DANRE
Q8AWD1	mid1ip1l	M1I1L_DANRE
Q8AWZ0	hoxb8a	HXB8A_DANRE
Q8AWZ2	hoxa3a	HXA3A_DANRE
Q8AXV5	heyl	HEYL_DANRE
Q8AXV6	hey1	HEY1_DANRE
Q8AYB8	hopx	HOP_DANRE
Q8C2L6	Tmem161b	T161B_MOUSE
Q8JGR4	rpl24	RL24_DANRE
Q8JGR7	ints7	INT7_DANRE
Q8JGS9	rps18	RS18_DANRE
Q8JH55	hoxb8b	HXB8B_DANRE
Q8JH70	aldocb	ALDCB_DANRE
Q8JH71	aldob	ALDOB_DANRE
Q8JHE9	aph1b	APH1B_DANRE
Q8JIY8	nifk	MK67I_DANRE
Q8QGA2	pth2	TIP39_DANRE
Q90257	es1	ES1_DANRE
Q90421	lhx3	LHX3_DANRE
Q90456	mtnr1ba	MR1BA_DANRE
Q90469	hoxd10a	HXDAA_DANRE
Q90470	hoxd11a	HXDBA_DANRE
Q90471	hoxd12a	HXDCA_DANRE
Q90479	nadl1.2	L1CA2_DANRE
Q90W04	ngb	NGB_TETNG
Q90WN4	foxd2	FOXD2_XENLA
Q90X38	gpkow	GPKOW_DANRE
Q90X49	ccdc80	CCD80_DANRE
Q90YL3	med26	MED26_DANRE
Q90YL4	sec61al2	S61A2_DANRE
Q90ZL2	lancl1	LANC1_DANRE
Q91398	csnk2b	CSK2B_DANRE
Q92005	eef1a	EF1A_DANRE
Q92047	pcmt	PIMT_DANRE
Q98875	dlx1a	DLX1A_DANRE
Q98876	dlx2b	DLX2B_DANRE
Q98877	dlx6a	DLX6A_DANRE
Q98SI1	hoxa1a	HXA1A_DANRE
Q98SV1	sepp1a	SELPA_DANRE
Q98TT6	eif4ebp3l	4EB3L_DANRE
Q99J23	Ghdc	GHDC_MOUSE
Q9CQS3	Fibin	FIBIN_MOUSE
Q9DDU1	hoxa11b	HXABB_DANRE
Q9DFS4	stard3	STAR3_DANRE
Q9DG10	star	STAR_DANRE
Q9DGJ3	npc2	NPC2_DANRE
Q9I8P2	pyya	PYYA_DANRE
Q9I919	gpr85	GPR85_DANRE
Q9I9N5	tradd	TRADD_DANRE
Q9IBD1	celf3	CELF3_DANRE
Q9MIX8	mt-cyb	CYB_DANRE
Q9MIX9	mt-nd6	NU6M_DANRE
Q9MIY0	mt-nd5	NU5M_DANRE
Q9MIY1	mt-nd4	NU4M_DANRE
Q9MIY2	mt-nd4l	NU4LM_DANRE
Q9MIY3	mt-nd3	NU3M_DANRE
Q9MIY4	mt-co3	COX3_DANRE
Q9MIY5	mt-atp6	ATP6_DANRE
Q9MIY6	mt-atp8	ATP8_DANRE
Q9MIY7	mt-co2	COX2_DANRE
Q9MIY9	mt-nd2	NU2M_DANRE
Q9MIZ0	mt-nd1	NU1M_DANRE
Q9PSI9	mycl1a	MCL1A_DANRE
Q9PTE6	tpst1	TPST1_DANRE
Q9PTU0	dbx1b	DBX1B_DANRE
Q9PTU1	dbx1a	DBX1A_DANRE
Q9PUB8	slc39a7	S39A7_DANRE
Q9PUE4	copg2	COPG2_DANRE
Q9PV90	rplp0	RLA0_DANRE
Q9PVK4	ldhba	LDHBA_DANRE
Q9PVK5	ldha	LDHA_DANRE
Q9PW28	eif4e1b	IF4EB_DANRE
Q9PWL5	hoxa4a	HXA4A_DANRE
Q9PWL6	hoxa9a	HXA9A_DANRE
Q9PWM2	hoxb9a	HXB9A_DANRE
Q9PWM3	hoxc4a	HXC4A_DANRE
Q9PWM5	hoxc6b	HXC6B_DANRE
Q9PWM6	hoxd9a	HXD9A_DANRE
Q9W6C8	neurod2	NDF2_DANRE
Q9W720	ucp2	UCP2_DANRE
Q9W735	prom1a	PRM1A_DANRE
Q9W740	nog2	NOGG2_DANRE
Q9W7M8	tmsb	TYB_DANRE
Q9YGS6	hoxc9a	HXC9A_DANRE
Q9YGT5	hoxa9b	HXA9B_DANRE
Q9YH90	cldng	CLDZ_DANRE
Q9YH91	cldnd	CLDY_DANRE
Q9YHT8	nog	NOGG_TAKRU
Q9YHZ5	pim2	PIM2_DANRE
Q9YI97	oaz1b	OAZ2_DANRE
Q9YI98	oaz1a	OAZ1_DANRE
U3JA75	cx23	CXE1_DANRE
X1WGV5	ccdc32	CCD32_DANRE
A0A077DF94	spx2	SPXN2_DANRE
A0A0R4IYX6	znf687a	Z687A_DANRE
A0A5J6K6K4		NV4_NEMVE
A0A5J6KCM0		NV5_NEMVE
A0AUQ6	lin52	LIN52_DANRE
A0JMD0	cluh	CLU_DANRE
A0JMF1	ctc1	CTC1_DANRE
A0JMF6	mtmr10	MTMRA_DANRE
A0JMG9	slc35a4	S35A4_DANRE
A0JMH0	asphd2	ASPH2_DANRE
A0JMH2		CB069_DANRE
A0JMK8	bicdl2	BICL2_DANRE
A0JML8	dalrd3	DALD3_DANRE
A0JPF5	fhip2b	FHI2B_DANRE
A0PJR5	echdc3	ECHD3_DANRE
A0PJS5	pou2af2	OCAT1_DANRE
A1A5Y0	nell2	NELL2_DANRE
A1A5Z3	tsfm	EFTS_DANRE
A1DZY4		RSLBL_DANRE
A1L1F1	ndufaf3	NDUF3_DANRE
A1L1F6	ino80db	I80DB_DANRE
A1L1P7	dnlz	DNLZ_DANRE
A1L1R5	ptpdc1	PTPC1_DANRE
A1L1R6	znf423	ZN423_DANRE
A1L1S5	foxf1	FOXF1_DANRE
A1L251	engase	ENASE_DANRE
A1L253	fam149b1	F149B_DANRE
A1L272	slc29a4	S29A4_DANRE
A2AV37	exoc3l1	EX3L1_DANRE
A2AWH2	nalf2	NALF2_DANRE
A2BDR7	cfap157	CF157_DANRE
A2BFP5	slc12a9	S12A9_DANRE
A2BG43	gltp	GLTP_DANRE
A2BGD5	calcoco1	CACO1_DANRE
A2BGL3	wscd2	WSCD2_DANRE
A2BGP7	ccdc125	CC125_DANRE
A2BGS3	tmem116	TM116_DANRE
A2BGU9	serhl	SERHL_DANRE
A2BIG9	naa38	LSMD1_DANRE
A2BIJ3	bsdc1	BSDC1_DANRE
A2BIL8	bcl7bb	BC7BB_DANRE
A2BIR6	ydjc	YDJC_DANRE
A2CER7	spns3	SPNS3_DANRE
A2CES0	cyb5d2	NEUFC_DANRE
A2CI97	dytn	DYTN_DANRE
A2RRV9	narfl	NARFL_DANRE
A2RUW7	pcnx4	PCX4_DANRE
A2RV18	dis3l	DI3L1_DANRE
A2RV29	znf346	ZN346_DANRE
A2VCZ5		MD13L_DANRE
A3KGZ2	ogfod2	OGFD2_DANRE
A3KNA5	filip1l	FIL1L_DANRE
A3KNI7	ccndbp1	CCDB1_DANRE
A3KNK7	med11	MED11_DANRE
A3KNM5	smim15	SIM15_DANRE
A3KNN3	lrrc3b	LRC3B_DANRE
A3KP48	fam162b	F162B_DANRE
A3KP74	sdhaf2	SDHF2_DANRE
A3KP77	oxnad1	OXND1_DANRE
A3KPL7	tmem170a	T170A_DANRE
A3KPP4	slc25a35	S2535_DANRE
A3KPW7	ptar1	PTAR1_DANRE
A3KQA5	odf3b	ODF3B_DANRE
A3KQI3	borcs8	BORC8_DANRE
A3KQQ9	scg3	SCG3_DANRE
A3KQS5	mllt11	AF1Q_DANRE
A3KQV2	brox	BROX_DANRE
A3QK16	erlin2	ERLN2_DANRE
A4D1Z8	GRIFIN	GRIFN_HUMAN
A4FUN9	calhm5.1	CAHM5_DANRE
A4FVI0	zswim7	ZSWM7_DANRE
A4FVJ7	rbm48	RBM48_DANRE
A4IG42	tcaf	TCAF_DANRE
A4IGF3	atp23	ATP23_DANRE
A4QN56	mfsd4b	MFS4B_DANRE
A4QNR8	leng8	LENG8_DANRE
A4QNW7	phyhipl	PHIPL_DANRE
A4QNX2	slc25a47b	S247B_DANRE
A4QNX3		CF089_DANRE
A4QNX6	ctdspl2b	CTL2B_DANRE
A4QP31	tbccd1	TBCC1_DANRE
A4QP78	cnot11	CNO11_DANRE
A4VCH4	vps35l	VP35L_DANRE
A5D6V4	Tmem17b	TM17B_DANRE
A5D8S0	kiz	KIZ_DANRE
A5D8S1	luzp2	LUZP2_DANRE
A5JV83	hspb11	HSPBB_DANRE
A5PF44	garnl3	GARL3_DANRE
A5PLC9	smim7	SMIM7_DANRE
A5PLE2	cystm1	CYTM1_DANRE
A5PLF5	tm2d3	TM2D3_DANRE
A5PLG0	LYRM7	LYRM7_DANRE
A5PLH4	tm2d1	TM2D1_DANRE
A5PMF7	nxnl1	NXNL1_DANRE
A5PMU4	anks1b	ANS1B_DANRE
A5PMW0	slc44a5a	CTL5A_DANRE
A5PN38	fam151a	F151A_DANRE
A5PN52	hoatz	HOATZ_DANRE
A5WVU9	triqk	TRIQK_DANRE
A5WVX1	mettl13	EFNMT_DANRE
A5WWB6	zwilch	ZWILC_DANRE
A5WWC6	hsdl1	HSDL1_DANRE
A5X7A0	sobpa	SOBPA_DANRE
A7E2I7	tmem151b	T151B_DANRE
A7E2M3	emc10	EMC10_DANRE
A7E2V1	cep76	CEP76_DANRE
A7MCB7	tma16	TMA16_DANRE
A7MCS3		CP089_DANRE
A7XYJ6	sobpb	SOBPB_DANRE
A7YDW0	rundc3a	RUN3A_DANRE
A7YY97	cdc37l1	CD37L_DANRE
A8DZE7	sdr42e1	D42E1_DANRE
A8E5C5	dhrs7ca	DS7CA_DANRE
A8E7I5	ttc36	TTC36_DANRE
A8KB59	ccdc153	CC153_DANRE
A8KB87	coa3a	COA3_DANRE
A8KBL5	slc38a11	S38AB_DANRE
A8WFT6	hykk	HYKK_DANRE
A8WG21	snx10b	SNXAB_DANRE
A8WG43	ccdc89	CCD89_DANRE
A8WGS4	tlcd2	TLCD2_DANRE
A8WHP3	slc5a9	SC5A9_DANRE
A8WHP9	lrrc3	LRRC3_DANRE
A8WHR0	dcaf17	DCA17_DANRE
A8Y5T1	cfap276	CF276_DANRE
A8Y5U1	rimoc1	RIMC1_DANRE
A9C3W3	kazna	KAZRA_DANRE
A9JR56	cdc42se2	C42S2_DANRE
A9JR86	coq4	COQ4_DANRE
A9JTG4	mfsd4b	MFD4B_DANRE
A9JTH1	ncalda	NCLDA_DANRE
B0CLX4	vsig10	VSI10_DANRE
B0R0T1		VWA8_DANRE
B0S5A7	slc44a5b	CTL5B_DANRE
B0S5Y3	slc52a3a	S5A3A_DANRE
B0S6C5	retsatl	RTSTL_DANRE
B0S6S9	rbm44	RBM44_DANRE
B0S8I0	gtpbp8	GTPB8_DANRE
B0UXH9	pierce1	PIRC1_DANRE
B0UXR0	gpr183b	GP83B_DANRE
B0UXS1	foxred2	FXRD2_DANRE
B0UXU6	mif4gda	M4GDA_DANRE
B0UYI1	tceanc2	TEAN2_DANRE
B0UYL8	serpine3	SERP3_DANRE
B0UYT5	mfsd6b	MFD6B_DANRE
B2ZG38		SCR8_ORBFA
B3DI94	tmem186	TM186_DANRE
B3DIY3	mms22l	MMS22_DANRE
B3DJK0	tmem160	TM160_DANRE
B3DK16	pcgf5a	PCF5A_DANRE
B7TWP7	pnrc2	PNRC2_DANRE
B8JJV5	smim13	SIM13_DANRE
B8JLQ0	lyrm4	LYRM4_DANRE
B8JLV7	vma21	VMA21_DANRE
B9X0L5	LEP-B	LEPB_ORYLA
C0H690		SCR1_ACRMI
C0H691		SCR2_ACRMI
C0H692		SCR3_ACRMI
C0H693		SCR1A_MONCP
C0H694		SCR1B_MONCP
C1KIY9		SCR1_ORBFA
C1KIZ0		SCR2_ORBFA
C1KIZ3		SCR4_ORBFA
C1KIZ4		SCR5_ORBFA
C1KIZ5		SCR6_ORBFA
E7F555	ift43	IFT43_DANRE
E7F888	arid5b	ARI5B_DANRE
E9QJ05	pet117	PT117_DANRE
F1QCN0	gatd3	GAL3A_DANRE
F1QPR4	fam212ab	INK1B_DANRE
F1QRX7	tbc1d7	TBCD7_DANRE
F1QUP1	rpz	RPZ_DANRE
F1QY75	anapc15	APC15_DANRE
F6NSX9	znf687b	Z687B_DANRE
O13215	ihh	IHH_DEVMA
O13220	ihh	IHH_DEVPA
O13226	twhh	TWHH_PSEPR
O13240	ihh	IHH_DANAT
O13243	ihh	IHH_DEVDE
O13253	twhh	TWHH_DEVPA
O93375	coe2	COE2_DANRE
P0C7A6	abtb3b	ABT3B_DANRE
P0C8M4	mturn	MTURN_DANRE
P0C8S0		SMAKA_DANRE
P0C8Y2		CR032_DANRE
P0C8Y3	bbln	BBLN_DANRE
P0DL60		SCR_METSE
P0DL61		SCR_ANEVI
P0DMD7		KV51_METSE
P0DQR4		NV8_NEMVE
P0DUQ4		CRFA1_CONEP
P0DUU3		T1251_CONAA
P28174	hoxc3a	HXC3A_DANRE
P47805	mid1ip1a	M1I1A_DANRE
P51052	mtnr1c	MTR1C_DANRE
P62447	zfpl1	ZFPL1_DANRE
P79693	ihh	IHH_CARAU
P79696	twhh	TWHH_CARAU
P79711	ihh	IHH_DANKE
P79712	dhh	DHH_DANKE
P79715	twhh	TWHH_DANKE
P79719	ihh	IHH_DANAP
P79852	ihh	IHH_PUNTE
P79853	dhh	DHH_PUNTE
P79855	twhh	TWHH_PUNTE
P79860	ihh	IHH_RASEL
P79866	ihh	IHH_TRIHE
P79871	ihh	IHH_RASPA
Q05AK9	tma7	TMA7_DANRE
Q05AL1	armc8	ARMC8_DANRE
Q05AM4	faah2b	FAH2B_DANRE
Q08BB5	ctdspl2a	CTL2A_DANRE
Q08BD8	mtfr2	MTRF2_DANRE
Q08BG1	tmppe	TMPPE_DANRE
Q08BG7	scoca	SCOCA_DANRE
Q08BH5	rbm46	RBM46_DANRE
Q08BJ2	khdrbs2	KHDR2_DANRE
Q08BL7	glyctk	GLCTK_DANRE
Q08BN9	nxpe3	NXPE3_DANRE
Q08BW6	cdin1	CDIN1_DANRE
Q08BY1	med17	MED17_DANRE
Q08BY2	fam168b	F168B_DANRE
Q08BZ4	mdh1b	MDH1B_DANRE
Q08C53	bbof1	BBOF1_DANRE
Q08C69	rpusd1	RUSD1_DANRE
Q08C81	med19a	MD19A_DANRE
Q08C99	vrtn	VRTN_DANRE
Q08CA1	gdpgp1	GDPP1_DANRE
Q08CE6	tmem178a	T178A_DANRE
Q08CG9	tmem229b	T229B_DANRE
Q08CH8	zftraf1	ZTRF1_DANRE
Q08CI4	ccnyl1	CCYL1_DANRE
Q08CL8	cnot10	CNO10_DANRE
Q0D285	tmem141	TM141_DANRE
Q0D289	mosmob	MOSMO_DANRE
Q0P3W2	olfml3b	OLF3B_DANRE
Q0P3X8	lamtor4	LTOR4_DANRE
Q0P3Z2	pter	PTER_DANRE
Q0P424	elp6	ELP6_DANRE
Q0P442	rnasekb	RNKB_DANRE
Q0P451	coa5	COA5_DANRE
Q0P457	kti12	KTI12_DANRE
Q0P467	rnaseka	RNKA_DANRE
Q0P485	ccdc85ca	C85CA_DANRE
Q0P4A4	nat14	NAT14_DANRE
Q0P4A7	snap47	SNP47_DANRE
Q0P4B9	mcrip1	MCRI1_DANRE
Q0P4C4	dcakd	DCAKD_DANRE
Q0P4D6	tefm	TEFM_DANRE
Q0P4F6	cfap126	FLTOP_DANRE
Q0V947	tmem161a	T161A_DANRE
Q0VA82	mfsd8	MFSD8_DANRE
Q0VFV7	kctd7	KCTD7_DANRE
Q1AMT3	fabp1a	FAB1A_DANRE
Q1ECV8	tnfaip8l2a	TPL2A_DANRE
Q1ECW6	lgalsl	LEGL_DANRE
Q1ECW7	slc25a47a	S247A_DANRE
Q1ECY2	hoxb13a	HXBDA_DANRE
Q1ED21	nr2c2ap	NR2CA_DANRE
Q1JPS1	pcgf5b	PCF5B_DANRE
Q1JPW9	sprn	SPRN_DANRE
Q1JPZ7	prpf39	PRP39_DANRE
Q1JQ19	depdc7	DEPD7_DANRE
Q1JQ66	slc35e3	S35E3_DANRE
Q1L899	insy1	INSY1_DANRE
Q1L8D2	maneal	MANEL_DANRE
Q1L8F4	tmem178b	T178B_DANRE
Q1L8H0	lrrc14b	LR14B_DANRE
Q1L8T5	cgn	CING_DANRE
Q1L908	msto1	MSTO1_DANRE
Q1L911	nrm	NRM_DANRE
Q1L987	atpaf1	ATPF1_DANRE
Q1L990		CS012_DANRE
Q1L994	ppp1r37	PPR37_DANRE
Q1L9C7		CA174_DANRE
Q1LUC1	bzw2	5MP1_DANRE
Q1LUD1	tmem168a	TM168_DANRE
Q1LUE5	zc3h18	ZCH18_DANRE
Q1LUK1	micos13	MIC13_DANRE
Q1LUQ4	mfsd6a	MFD6A_DANRE
Q1LUS8	ranbp10	RBP10_DANRE
Q1LUT1	edc4	EDC4_DANRE
Q1LV17	irf2bp1	I2BP1_DANRE
Q1LV19	sphkap	SPKAP_DANRE
Q1LV22	atosa	ATOSA_DANRE
Q1LV50	cenpp	CENPP_DANRE
Q1LVE8	sf3b3	SF3B3_DANRE
Q1LVS8	svopl	SVOPL_DANRE
Q1LVV0	fam83h	FA83H_DANRE
Q1LWB0	tax1bp1a	TXB1A_DANRE
Q1LWC2	tmem106b	T106B_DANRE
Q1LWG3	mrpl36	RM36_DANRE
Q1LWL8	mycl1b	MCL1B_DANRE
Q1LX49	dennd11	DEN11_DANRE
Q1LXE6	ttc39c	TT39C_DANRE
Q1LXI5	mrpl54	RM54_DANRE
Q1LXS2	psmg2	PSMG2_DANRE
Q1LXV8	tlcd5	TLCD5_DANRE
Q1LY51	znf704	ZN704_DANRE
Q1LY80	tmem120b	T120B_DANRE
Q1MTD4		CR19A_DANRE
Q1RLQ5	dipk1a	DIK1A_DANRE
Q1RLU1	brat1	BRAT1_DANRE
Q1RM03	tchp	TCHP_DANRE
Q1RM09	basp1	BASP1_DANRE
Q1RM55	pih1d1	PIHD1_DANRE
Q1RMB5	shisal1a	SHSL1_DANRE
Q24JV9	lgals3bpa	L3BPA_DANRE
Q25C93	fezf1	FEZF1_DANRE
Q28D79	lzic	LZIC_XENTR
Q2L6K8	cnpy4	CNPY4_DANRE
Q2WG78	ripply3	DSCR6_DANRE
Q2WG79	ripply2	RIPP2_DANRE
Q32LR5		ASHWN_DANRE
Q32LS6	abhd13	ABHDD_DANRE
Q32LT7	ttyh3	TTYH3_DANRE
Q32PK2	tmem150b	T150B_DANRE
Q32PL1	ppp1r7	PP1R7_DANRE
Q32PP9	sox14	SOX14_DANRE
Q3B736	atg101	ATGA1_DANRE
Q3B748	llph	LLPH_DANRE
Q3B7G7	srek1ip1	SR1IP_DANRE
Q3B7H1	gatd1	GALD1_DANRE
Q3B7Q7	nubp2	NUBP2_DANRE
Q3KRG3	tsr2	TSR2_DANRE
Q3LSS0	cwf19l2	C19L2_DANRE
Q3V5Z9	hoxd3a	HXD3_ORYLA
Q3ZB90	kbtbd12	KBTBC_DANRE
Q498P2	mrps35	RT35_DANRE
Q498W5	tmem198b	T198B_DANRE
Q498Z6	mrps7	RT07_DANRE
Q4KMD3	snrnp35	U1SBP_DANRE
Q4KMJ1	chac2	CHAC2_DANRE
Q4QRD7	fam110b	F110B_DANRE
Q4QRH7	pex16	PEX16_DANRE
Q4QRJ7	eif2a	EIF2A_DANRE
Q4V8S3	tmem242	TM242_DANRE
Q4V8S9	borcs7	BORC7_DANRE
Q4V8T0	miox	MIOX_DANRE
Q4V8U5	ano10	ANO10_DANRE
Q4V8W7	ubtd1	UBTD1_DANRE
Q4V8X0	tpra1	TPRA1_DANRE
Q4V8X4	acbd6	ACBD6_DANRE
Q4V8Y7	afap1l1	AF1L1_DANRE
Q4V909	ccdc22	CCD22_DANRE
Q4V921	smim19	SMI19_DANRE
Q4V922	gsg1l	GSG1L_DANRE
Q4V9P0	slc25a26	SAMC_DANRE
Q4V9P9	nol11	NOL11_DANRE
Q4VBI2	ier3ip1	IR3IP_DANRE
Q4VBT2	noc4l	NOC4L_DANRE
Q4VBT5	mkrn1	MKRN1_DANRE
Q4VBW0	mtx3	MTX3_DANRE
Q501X2	cep72	CEP72_DANRE
Q501X6	irak1bp1	IKBP1_DANRE
Q502B0	mrpl41	RM41_DANRE
Q502C1	mrps24	RT24_DANRE
Q502E0	tmem17a	TM17A_DANRE
Q502E5	smim8	SMIM8_DANRE
Q502G2	tmem41aa	T41AA_DANRE
Q502H1	aamdc	AAMDC_DANRE
Q502I1	rprma	RPRMA_DANRE
Q502J7	dctn6	DCTN6_DANRE
Q502K9	selenot2	SELT2_DANRE
Q502P0	arl6ip4	AR6P4_DANRE
Q503B7	b9d1	B9D1_DANRE
Q503C8	nudcd1	NUDC1_DANRE
Q503D6	ccnq	CCNQ_DANRE
Q503H1	trnau1ap	TSAP1_DANRE
Q503L1	phlda2	PHLA2_DANRE
Q503L4	iah1	IAH1_DANRE
Q503N2	spc24	SPC24_DANRE
Q503P2	nip7	NIP7_DANRE
Q503P5	slc49a3	S49A3_DANRE
Q503R4	klhl36	KLH36_DANRE
Q503S6	lamtor3	LTOR3_DANRE
Q503T5	tatdn3	TATD3_DANRE
Q503U0	lmo3	LMO3_DANRE
Q503V3	spring	SPRNG_DANRE
Q503X2	mrpl4	RM04_DANRE
Q503Y4	ovca2	OVCA2_DANRE
Q503Y8	eurl	EURL_DANRE
Q504A5	tpmt	TPMT_DANRE
Q504C1	lrit2	LRIT2_DANRE
Q504E7	szrd1	SZRD1_DANRE
Q504F3	rgs9bp	R9BP_DANRE
Q504G0	tmem127	TM127_DANRE
Q561T9	leprot	OBRG_DANRE
Q561X0	cnep1r1	NEPR1_DANRE
Q561X3	med4	MED4_DANRE
Q561Y0	dnaaf10	DAA10_DANRE
Q566N9	fsip1	FSIP1_DANRE
Q566T0	eed	EED_DANRE
Q566V0	zbtb8os	ARCH_DANRE
Q566X6	ptcd2	PTCD2_DANRE
Q567C6	znf367	ZN367_DANRE
Q567E6	coq10b	CQ10B_DANRE
Q567G6	nepro	NEPRO_DANRE
Q567I9	cyb5d1	CB5D1_DANRE
Q567X9	itprip	IPRI_DANRE
Q567Y6	ift22	IFT22_DANRE
Q567Z6	cript	CRIPT_DANRE
Q567Z7	bud31	BUD31_DANRE
Q568B7	gtdc1	GTDC1_DANRE
Q568B8	tor4a	TOR4A_DANRE
Q568D2	cfap161	CF161_DANRE
Q568E2	znf750	ZN750_DANRE
Q568J8	tmem256	TM256_DANRE
Q568M3	crlf3	CRLF3_DANRE
Q568N3	timmdc1	TIDC1_DANRE
Q568R1	nsrp1	NSRP1_DANRE
Q568T4	hikeshi	HIKES_DANRE
Q568W0	selenow	SELW_DANRE
Q56A36	hsh2d	HSH2D_DANRE
Q58EK3	plcxd3	PLCX3_DANRE
Q58EL0	hoxc11a	HXCBA_DANRE
Q58T08	ism2	ISM2_DANRE
Q59I64	slc7a6	YLAT2_DANRE
Q5BJB7	mrpl10	RM10_DANRE
Q5BJC1	sptssa	SPTSA_DANRE
Q5BJD2	terb2	TERB2_DANRE
Q5BJI6	pop5	POP5_DANRE
Q5BJI9	spcs2	SPCS2_DANRE
Q5BJJ5	hdhd2	HDHD2_DANRE
Q5BJJ6	mat2b	MAT2B_DANRE
Q5BJJ8	mrpl51	RM51_DANRE
Q5BKX0	tmem248	TM248_DANRE
Q5BL21	cnih2	CNIH2_DANRE
Q5BL28	dhrs7cb	DS7CB_DANRE
Q5BL31	ilrun	ILRUN_DANRE
Q5BL33	pgap2	PGAP2_DANRE
Q5BLB7	marveld1	MALD1_DANRE
Q5BLF0	nmd3	NMD3_DANRE
Q5CZQ0		CR19B_DANRE
Q5D014	natd1	NATD1_DANRE
Q5D016	pfdn1	PFD1_DANRE
Q5EAR5	trpt1	TRPT1_DANRE
Q5PNP6	mei4	MEI4_DANRE
Q5PR98	ndrg2	NDRG2_DANRE
Q5PRB3	pih1d2	PIHD2_DANRE
Q5PRC1	lhfpl6	LHPL6_DANRE
Q5RFV8	wdcp	WDCP_DANRE
Q5RG44	crad	CRACD_DANRE
Q5RG45	cep135	CP135_DANRE
Q5RGE4	meig1	MEIG1_DANRE
Q5RGJ5	cwf19l1	C19L1_DANRE
Q5RGJ6	washc3	WASC3_DANRE
Q5RGQ8	tmem200a	T200A_DANRE
Q5RGS7	spata45	SPT45_DANRE
Q5RGT6	angel2	ANGE2_DANRE
Q5RH01	ncaph2	CNDH2_DANRE
Q5RH71	tspan33	TSN33_DANRE
Q5RHZ2	ccdc167	CC167_DANRE
Q5RII3	ginm1	GINM1_DANRE
Q5RIV7	ptchd1	PTHD1_DANRE
Q5RJ20	tfap2d	AP2D_DANRE
Q5RKN3	med28	MED28_DANRE
Q5RKQ0	bcas2	SPF27_DANRE
Q5SNQ7	serac1	SRAC1_DANRE
Q5SNQ9	myct1	MYCT1_DANRE
Q5SPF7	unc93a	UN93A_DANRE
Q5SPH9	mrps10	RT10_DANRE
Q5SPJ8	xpot	XPOT_DANRE
Q5SPP5	efr3b	EFR3B_DANRE
Q5TYQ1	zyg11	ZYG11_DANRE
Q5TYQ3	coa7	COA7_DANRE
Q5TYQ8	zc3h14	ZC3HE_DANRE
Q5TYS5	scrn2	SCRN2_DANRE
Q5TZE1	btbd6b	BTB6B_DANRE
Q5TZE2	syndig1l	SYN1L_DANRE
Q5U3A8	ppp1r21	PPR21_DANRE
Q5U3G4	rdm1	RDM1_DANRE
Q5U3H3	glt8d1	GL8D1_DANRE
Q5U3I0	samm50b	SAM5B_DANRE
Q5U3J8	ltv1	LTV1_DANRE
Q5U3P0	pcid2	PCID2_DANRE
Q5U3U0	phyhd1	PHYD1_DANRE
Q5U3U6	bora	BORA_DANRE
Q5U3V7	slc25a43	S2543_DANRE
Q5U3V9	snf8	SNF8_DANRE
Q5U3W3	rundc3b	RUN3B_DANRE
Q5XFY4	bcl7a	BCL7A_DANRE
Q5XIX8	borcs5	BORC5_DANRE
Q5XIY2	tlcd4b	TLC4B_DANRE
Q5XIY4	sdhaf3	SDHF3_DANRE
Q5XIY6	atp6v1c1b	VTC1B_DANRE
Q5XIY8	paxip1	PAXI1_DANRE
Q5XIZ9	rtkn2	RTKN2_DANRE
Q5XJ56	dtwd1	DTWD1_DANRE
Q5XJA2	ccdc149a	C149A_DANRE
Q5XJB9	adprhl1	ARHL1_DANRE
Q5XJD3	fip1l1	FIP1_DANRE
Q5XJK1	scocb	SCOCB_DANRE
Q5XJK9	cmss1	CMS1_DANRE
Q5XJN6	ccdc113	CC113_DANRE
Q5XJP1	eipr1	EIPR1_DANRE
Q5XJR6	ormdl3	ORML3_DANRE
Q5XJS0	miga1	MIGA1_DANRE
Q5XTN8	crygna	CRGNA_DANRE
Q641M3	tmem18	TMM18_DANRE
Q642H7	ric8a	RIC8A_DANRE
Q66HX0	slc35b1	S35B1_DANRE
Q66HX8	gdap2	GDAP2_DANRE
Q66HY7	eif4e3	IF4E3_DANRE
Q66HY8	pdxdc1	PDXD1_DANRE
Q66I61	steep1; 	STEEP_DANRE
Q66I73	mylpfb	MLRSB_DANRE
Q66I85	yju2b	YJU2B_DANRE
Q66IC8	dynlt5	DYLT5_DANRE
Q66IC9	ropn1l	ROP1L_DANRE
Q6AXJ7	fam199x	F199X_DANRE
Q6AXL5	hspbap1	HBAP1_DANRE
Q6AXL8	zmat5	ZMAT5_DANRE
Q6AZB8	harbi1	HARB1_DANRE
Q6AZD1	tmem179	T179A_DANRE
Q6AZW1	tmem167b	KISHB_DANRE
Q6DBR9	kxd1	KXDL1_DANRE
Q6DBT3	txndc17	TXD17_DANRE
Q6DBU1	prr15la	P15LA_DANRE
Q6DBW1	rasgef1bb	RG1BB_DANRE
Q6DBX1	med20	MED20_DANRE
Q6DC17	mzt2	MZT2_DANRE
Q6DC37	hnmt	HNMT_DANRE
Q6DC53	ctu2	CTU2_DANRE
Q6DC58	tmem223	TM223_DANRE
Q6DC61	mnd1	MND1_DANRE
Q6DC77	paqr5b	MPRGB_DANRE
Q6DCB7	dnd1	DND1_XENLA
Q6DEJ5	aarsd1	AASD1_DANRE
Q6DEL2	clptm1	CLPT1_DANRE
Q6DEL7	klhl15	KLH15_DANRE
Q6DEM5	timm8a	TIM8A_DANRE
Q6DEN0	ufc1	UFC1_DANRE
Q6DFZ6	notum1b	NOT1B_DANRE
Q6DG19	mfsd5	MFSD5_DANRE
Q6DG32	slc25a36a	S2536_DANRE
Q6DG43	ubtd2	UBTD2_DANRE
Q6DG91	psmg1	PSMG1_DANRE
Q6DG99	kctd6	KCTD6_DANRE
Q6DGA7	cybc1	CYBC1_DANRE
Q6DGI3	nop16	NOP16_DANRE
Q6DGJ3	timm13	TIM13_DANRE
Q6DGL7	tmem147	TM147_DANRE
Q6DGL8	mrps15	RT15_DANRE
Q6DGM1	ubald1	UBAD1_DANRE
Q6DGM3	mrpl15	RM15_DANRE
Q6DGM8	jdp2	JDP2_DANRE
Q6DGN0	rergl	RERGL_DANRE
Q6DGP2	syf2	SYF2_DANRE
Q6DGP8	nrn1	NRN1_DANRE
Q6DGR4	hgh1	HGH1_DANRE
Q6DGV7	mpv17l2	M17L2_DANRE
Q6DGX3	ankrd54	ANR54_DANRE
Q6DGY3	tcta	TCTA_DANRE
Q6DGY7	crygnb	CRGNB_DANRE
Q6DGZ0	gpatch11	GPT11_DANRE
Q6DH02	mrpl24	RM24_DANRE
Q6DH23	vps26bl	V26BL_DANRE
Q6DH26	med31	MED31_DANRE
Q6DH44	wdr83	WDR83_DANRE
Q6DH69	faah2a	FAH2A_DANRE
Q6DH74	snrnp27	SNR27_DANRE
Q6DH86	ccdc149b	C149B_DANRE
Q6DH87	fundc1	FUND1_DANRE
Q6DH88	cox20	COX20_DANRE
Q6DHB5	lhfpl3	LHPL3_DANRE
Q6DHC3	slc25a40	S2540_DANRE
Q6DHF7	gtpbp10	GTPBA_DANRE
Q6DHJ1	tyw3	TYW3_DANRE
Q6DHJ6	cmc2	COXM2_DANRE
Q6DHL7	ccdc85cb	C85CB_DANRE
Q6DHN0	tmem53	TMM53_DANRE
Q6DHN3	tm2d2	TM2D2_DANRE
Q6DHS9	slc25a48	S2548_DANRE
Q6DHU4	prpf38a	PR38A_DANRE
Q6DI06	timm10	TIM10_DANRE
Q6DRD4	cenpl	CENPL_DANRE
Q6DRD9	abhd11	ABHDB_DANRE
Q6DRJ4	kri1	KRI1_DANRE
Q6DRL8	med19b	MD19B_DANRE
Q6GMG6	slc52a3b	S5A3B_DANRE
Q6GMH0	prpf18	PRP18_DANRE
Q6GMK6	tspan9	TSN9_DANRE
Q6GMK8	gmppaa	GMPAA_DANRE
Q6GQN4	fam32al	FA32A_DANRE
Q6IMK3	dnajc27	DJC27_DANRE
Q6IQ63	med6	MED6_DANRE
Q6IQ85	yipf6	YIPF6_DANRE
Q6IQ86	brk1	BRK1_DANRE
Q6IQA2	lysmd3	LYSM3_DANRE
Q6IQE9	alkbh6	ALKB6_DANRE
Q6IQS9	mrpl23	RM23_DANRE
Q6IQT4	cops2	CSN2_DANRE
Q6IQU4	cwc15	CWC15_DANRE
Q6IQU7	ints12	INT12_DANRE
Q6JIY5	hoxc13a	HXCDA_DANRE
Q6NUV0	rab3gap1	RB3GP_DANRE
Q6NUW9	fggy	FGGY_DANRE
Q6NUZ2	ttyh2l	TTY2L_DANRE
Q6NV12	slc20a1a	S20AA_DANRE
Q6NV24	prxl2b	PXL2B_DANRE
Q6NV26	sdad1	SDA1_DANRE
Q6NV32	ptmaa	PTMAA_DANRE
Q6NV38	tmem41ab	T41AB_DANRE
Q6NWA8	tada1	TADA1_DANRE
Q6NWC9	gkap1	GKAP1_DANRE
Q6NWE0		CK054_DANRE
Q6NWF4	vps25	VPS25_DANRE
Q6NWH1	dcaf10	DCA10_DANRE
Q6NWH5	tmem11	TMM11_DANRE
Q6NWI1	rsrc2	RSRC2_DANRE
Q6NWI4	ypel3	YPEL3_DANRE
Q6NWJ0	bcl7ba	BC7BA_DANRE
Q6NXB2	pdzd11	PDZ11_DANRE
Q6NXD8	dennd5b	DEN5B_DANRE
Q6NY34	asf1bb	AS1BB_DANRE
Q6NY73	lgals3bpb	L3BPB_DANRE
Q6NYB4	mab21l1	MB211_DANRE
Q6NYD7	ociad1	OCAD1_DANRE
Q6NYE7	tmem192	TM192_DANRE
Q6NYF0	lactb2	LACB2_DANRE
Q6NYF1	yipf4	YIPF4_DANRE
Q6NYG4	cyyr1	CYYR1_DANRE
Q6NYI0	herpud2	HERP2_DANRE
Q6NYP0	tmem208	TM208_DANRE
Q6NYS8	ddost	OST48_DANRE
Q6NYU6	midn	MIDN_DANRE
Q6NYU7	uprt	UPP_DANRE
Q6NYX8	pithd1	PITH1_DANRE
Q6NYY4	asf1ba	AS1BA_DANRE
Q6NZ03	fbxo45	FBSP1_DANRE
Q6NZ06	ilf2	ILF2_DANRE
Q6NZT2	cdr2l	CDR2L_DANRE
Q6NZZ3		CF120_DANRE
Q6NZZ4	tmem107	TM107_DANRE
Q6P036	slc25a33	S2533_DANRE
Q6P0C6	lhfpl2a	LHPL2_DANRE
Q6P0D9	ciao1	CIAO1_DANRE
Q6P0G8	plekhj1	PKHJ1_DANRE
Q6P0H6	cops4	CSN4_DANRE
Q6P0S3	tmem45b	TM45B_DANRE
Q6P0U3	rasl11b	RSLBB_DANRE
Q6P0V6	rpl8	RL8_DANRE
Q6P112	rgl1	RGL1_DANRE
Q6P121	hycc1	HYCCI_DANRE
Q6P2U9	cops3	CSN3_DANRE
Q6P3K3	fbxo9	FBX9_DANRE
Q6P5I8	yipf5	YIPF5_DANRE
Q6P5L3	rpl19	RL19_DANRE
Q6P5L7	arglu1a	ARGLA_DANRE
Q6P5L8	hsdl2	HSDL2_DANRE
Q6P5M2	skic8	SKI8_DANRE
Q6P606	lysmd4	LYSM4_DANRE
Q6P6Y1	relch	RELCH_DANRE
Q6P7Y3	prpf38b	PR38B_DANRE
Q6P950	ppp1r3cb	PR3CB_DANRE
Q6P964	ppp4r2a	P4R2A_DANRE
Q6PBA2	lsm12a	LS12A_DANRE
Q6PBA8	mns1	MNS1_DANRE
Q6PBH5	ndufa4	NDUA4_DANRE
Q6PBI2	ppdpfb	PDPFB_DANRE
Q6PBI5	rps25	RS25_DANRE
Q6PBI8	tmem177	TM177_DANRE
Q6PBK1	mix23	MIX23_DANRE
Q6PBK3	rps28	RS28_DANRE
Q6PBK8	rprmb	RPRMB_DANRE
Q6PBL0	pam16	TIM16_DANRE
Q6PBM7	fam76b	FA76B_DANRE
Q6PBN4		CQ10X_DANRE
Q6PBR7	mrpl57	RT63_DANRE
Q6PBT6	gchfr	GFRP_DANRE
Q6PBT9	znf385b	Z385B_DANRE
Q6PBU5	grtp1a	GRT1A_DANRE
Q6PBV4	rwdd3	RWDD3_DANRE
Q6PBY1	rps3a	RS3A_DANRE
Q6PBY3	edf1	EDF1_DANRE
Q6PBY7	trappc13	TPC13_DANRE
Q6PC14	rpl23	RL23_DANRE
Q6PC40	cdc123	CD123_DANRE
Q6PC45	med30	MED30_DANRE
Q6PC62	spg21	SPG21_DANRE
Q6PC69	rpl10a	RL10A_DANRE
Q6PC91	btf3l4	BT3L4_DANRE
Q6PCR6	zfr	ZFR_DANRE
Q6PCS6	mtfp1	MTFP1_DANRE
Q6PD83	bzw1a	5MP2A_DANRE
Q6PEH5	ube2v2	UB2V2_DANRE
Q6PEH8	med25	MED25_DANRE
Q6PFJ1	ngdn	NGDN_DANRE
Q6PFL6	ccdc43	CCD43_DANRE
Q6PFL8	thyn1	THYN1_DANRE
Q6PFM1	slc20a1b	S20AB_DANRE
Q6PFT6	tmem47	TMM47_DANRE
Q6PG29	skap2	SKAP2_DANRE
Q6PGU2	maf1	MAF1_DANRE
Q6PGW3	armh3	ARMD3_DANRE
Q6PH58	tmem39a	TM39A_DANRE
Q6PH61	slc25a34	S2534_DANRE
Q6PHG8	polr1f	RPA43_DANRE
Q6PHK6	purb	PURB_DANRE
Q6PHL4	nkain1	NKAI1_DANRE
Q6PUR6	gpn2	GPN2_DANRE
Q6Q415	rpl36	RL36_DANRE
Q6Q7X9	klhl31	KLH31_DANRE
Q6QB00	helt	HELT_DANRE
Q6QQT1	slc39a1	S39A1_TAKRU
Q6TEQ0	eepd1	EEPD1_DANRE
Q6TGW5	ostf1	OSTF1_DANRE
Q6TGZ4	thap11	THA11_DANRE
Q6TLH3	cuedc2	CUED2_DANRE
Q6TNR1	rhpn2	RHPN2_DANRE
Q6TNS2	pak1ip1	PK1IP_DANRE
Q6TNU3	ints10	INT10_DANRE
Q6VEU3	pno1	PNO1_DANRE
Q6ZM63	gpn3	GPN3_DANRE
Q6ZM86	grid2ip	GRD2I_DANRE
Q6ZM89	arhgap42a	RH42A_DANRE
Q7SX95	mxd3	MAD3_DANRE
Q7SXB7	mfsd4a	MFD4A_DANRE
Q7SXC6		SLAIL_DANRE
Q7SXF2	ubl5	UBL5_DANRE
Q7SXP8	gmppab	GMPAB_DANRE
Q7SXT7	zc2hc1a	ZC21A_DANRE
Q7SXW3	lrrc40	LRC40_DANRE
Q7SY07	eif1ad	EIF1A_DANRE
Q7SYC9	slc44a2	CTL2_DANRE
Q7SYD9	ints6	INT6_DANRE
Q7SYE0	atg13	ATG13_DANRE
Q7SYJ9	spag7	SPAG7_DANRE
Q7SYK0	chid1	CHID1_DANRE
Q7SZ56	tmem218	TM218_DANRE
Q7SZ59	RASL12	RASLC_DANRE
Q7SZE8	tnfaip8l1	TP8L1_DANRE
Q7SZP2		CA052_DANRE
Q7T2A3	dda1	DDA1_DANRE
Q7T2B9	mtpn	MTPN_DANRE
Q7T2D0	sgsm3	SGSM3_DANRE
Q7T2F6	wsb1	WSB1_DANRE
Q7T316	tmem231	TM231_DANRE
Q7T320	gorab	GORAB_DANRE
Q7T338	fgfr1op2	FGOP2_DANRE
Q7T347	ufsp2	UFSP2_DANRE
Q7T352	tmem263	TM263_DANRE
Q7T356	ywhabb	143BB_DANRE
Q7T364	tnfaip8l2b	TPL2B_DANRE
Q7T370	cdv3	CDV3_DANRE
Q7T385	atp6v1c1a	VTC1A_DANRE
Q7T392	tmem179b	T179B_DANRE
Q7T3C3	cuta	CUTA_DANRE
Q7T3D0	tnfaip8l3	TP8L3_DANRE
Q7T3E8	mtfr1l	MFR1L_DANRE
Q7T3F7	chordc1	CHRD1_DANRE
Q7T3H7	med18	MED18_DANRE
Q7T3H9	hyi	HYI_DANRE
Q7ZTY6	ints15	INT15_DANRE
Q7ZTZ2	rsl24d1	RLP24_DANRE
Q7ZUB3	tspan31	TSN31_DANRE
Q7ZUF2	brd9	BRD9_DANRE
Q7ZUG5	rps21	RS21_DANRE
Q7ZUH5	mrpl14	RM14_DANRE
Q7ZUU1	unc50	UNC50_DANRE
Q7ZUV0	ankrd13c	AN13C_DANRE
Q7ZUV7	emsy	EMSY_DANRE
Q7ZUX1	polr3c	RPC3_DANRE
Q7ZUZ0	cops8	CSN8_DANRE
Q7ZV00	otud6b	OTU6B_DANRE
Q7ZV03	vps26b	VP26B_DANRE
Q7ZV14	gpx8	GPX8_DANRE
Q7ZV20	rrp15	RRP15_DANRE
Q7ZV34	mcts1	MCTS1_DANRE
Q7ZV35	med7	MED7_DANRE
Q7ZV46	metrnl	METRL_DANRE
Q7ZV60	bcs1l	BCS1_DANRE
Q7ZVC9	smap	SMAP_DANRE
Q7ZVF0	poc1a	POC1A_DANRE
Q7ZVH1	paqr5a	MPRGA_DANRE
Q7ZVM9	rmi1	RMI1_DANRE
Q7ZVP1	jade3	JADE3_DANRE
Q7ZVP8	tmem38b	TM38B_DANRE
Q7ZVQ8	ivns1abpb	NS1BB_DANRE
Q7ZVR1	wdr75	WDR75_DANRE
Q7ZVR6	mynn	MYNN_DANRE
Q7ZVT5	rogdi	ROGDI_DANRE
Q7ZVW1	tmem117	TM117_DANRE
Q7ZVW9	arglu1b	ARGLB_DANRE
Q7ZW11	tmem39b	TM39B_DANRE
Q7ZW24	alg11	ALG11_DANRE
Q7ZW33	utp15	UTP15_DANRE
Q7ZW46	slc35b4	S35B4_DANRE
Q7ZWB2	ubl4a	UBL4A_DANRE
Q7ZWD4	uap1l1	UAP1L_DANRE
Q7ZWE7	nol12	NOL12_DANRE
Q7ZWI4	gskip	GSKIP_DANRE
Q7ZWJ3	ostc	OSTC_DANRE
Q7ZWJ4	rpl18a	RL18A_DANRE
Q7ZWJ7	rpl34	RL34_DANRE
Q7ZYY4	fam3c	FAM3C_DANRE
Q7ZZ00	znf511	ZN511_DANRE
Q7ZZ03	fuom	FUCM_DANRE
Q7ZZC6	cenpm	CENPM_DANRE
Q7ZZY8	uts2b	UTS2B_DANRE
Q802D3	xpo4	XPO4_DANRE
Q802F3	selenof	SEP15_DANRE
Q802U2	mios	MIO_DANRE
Q802W4	nol10	NOL10_DANRE
Q803A6	mcmbp	MCMBP_DANRE
Q803E0	pald1	PALD_DANRE
Q803F5	apmap	APMAP_DANRE
Q803K4	setd6	SETD6_DANRE
Q803M0	ppp1r3b	PPR3B_DANRE
Q803M3	tex10	TEX10_DANRE
Q803M5	saal1	SAAL1_DANRE
Q803N9	bzw1b	5MP2B_DANRE
Q803Q4	depdc1a	DEP1A_DANRE
Q803R2	ccz1	CCZ1_DANRE
Q803S3	memo1	MEMO1_DANRE
Q803V5	mlst8	LST8_DANRE
Q803W1	scrn3	SCRN3_DANRE
Q803X4	dcaf13	DCA13_DANRE
Q803Z2	yipf3	YIPF3_DANRE
Q8AWY2	hoxa10b	HXAAB_DANRE
Q8AWY9	hoxb7a	HXB7A_DANRE
Q8JFB7	ormdl1	ORML1_DANRE
Q8JFQ2	lmo1	RBTN1_DANRE
Q8JFV4	heatr5a	HTR5A_DANRE
Q8JFV8	vat1	VAT1_DANRE
Q8JFW1	asnsd1	ASND1_DANRE
Q8JFW4	adat3	ADAT3_DANRE
Q8JHH5		CA109_DANRE
Q8JHI6	med29	MED29_DANRE
Q8K3C3	Lzic	LZIC_MOUSE
Q8QHJ8	xpo6	XPO6_DANRE
Q90472	hoxd13a	HXDDA_DANRE
Q90W33	hic2	HIC2_DANRE
Q90X48	slc35a5	S35A5_DANRE
Q90Z10	rpl13	RL13_DANRE
Q98874	erh	ERH_DANRE
Q98879	dlx4a	DLX4A_DANRE
Q98SH9	hoxc1a	HXC1A_DANRE
Q98SV0	sepp1b	SELPB_DANRE
Q98UK4	maf	MAF_DANRE
Q9DDU0	hoxa11a	HXABA_DANRE
Q9DFI0	dmrt3b	DMT3B_DANRE
Q9DGH0	twsg1a	TWS1A_DANRE
Q9DGK4	tpt1	TCTP_DANRE
Q9I8V0	pvalb2	PRV2_DANRE
Q9I918	gpr173	GP173_DANRE
Q9I9H8	apaf1	APAF_DANRE
Q9IB61	blcap	BLCAP_DANRE
Q9PSJ0	mycn	MYCN_DANRE
Q9PU58	nipsnap2	NIPS2_DANRE
Q9PWL7	hoxb10a	HXBAA_DANRE
Q9W747	drl	DRL_DANRE
Q9W762	timm9	TIM9_DANRE
Q9YGT0	hoxc12b	HXCCB_DANRE
Q9YGT4	hoxb6b	HXB6B_DANRE
Q9YGT6	hoxa5a	HXA5A_DANRE
A0AUS0	wdsub1	WSDU1_DANRE
A0JME6	isoc2	ISOC2_DANRE
A1A5I1	fam133	F133_DANRE
A1A5Y5	ttc39a	TT39A_DANRE
A1L2F6	tmem205	TM205_DANRE
A2AVJ0	cfap299	CF299_DANRE
A2BFC9	cfap77	CFA77_DANRE
A2RRW4	fam166b	F166B_DANRE
A3KNJ8	lyrm5b	LYM5B_DANRE
A3KNM4		CS067_DANRE
A3KP40		CH034_DANRE
A3KPN8	ttc38	TTC38_DANRE
A3KQ58		CB068_DANRE
A5PLA0	rprml	RPRML_DANRE
A5PLI4	lrp2bp	LR2BP_DANRE
A5WVU6	tmem236	TM236_DANRE
A8E4S7	mab21L3	MB213_DANRE
A8E7D3		COX14_DANRE
A9JRA0	st7l	ST7L_DANRE
A9JRI0	heatr6	HEAT6_DANRE
B0JZP3	them6	THEM6_DANRE
B0S728	tmem71	TMM71_DANRE
B0V3H4		CS054_DANRE
B3DFV0	lyrm9	LYRM9_DANRE
B3DGJ2	si:dkey-261e22.4	OCC1_DANRE
Q08BC4	stpg2	STPG2_DANRE
Q08BN1		CJ053_DANRE
Q08C33	isoc1	ISOC1_DANRE
Q08CG8	rnf44	RNF44_DANRE
Q08CH7	rsph10b	RS10B_DANRE
Q0P3X7		CV039_DANRE
Q0P448	dpcd	DPCD_DANRE
Q0P464	mthfsd	MTHSD_DANRE
Q0P4A6	tssc4	TSSC4_DANRE
Q0P4C5		CD047_DANRE
Q0P4D1	amn1	AMN1_DANRE
Q1ECZ9	rsrp1	RSRP1_DANRE
Q1LUS5		CR021_DANRE
Q1LWL6	gse1	GSE1_DANRE
Q1LWM5		K1522_DANRE
Q1LXZ7	iqch	IQCH_DANRE
Q1LYL8	aste1	ASTE1_DANRE
Q1LYM6	klhl38	KLH38_DANRE
Q1RLU8	st7	ST7_DANRE
Q24JV4		U390_DANRE
Q4KMC9		CA198_DANRE
Q4VBJ9	morn5	MORN5_DANRE
Q502A3	ubald2	UBAD2_DANRE
Q502D1	glod5	GLOD5_DANRE
Q502G5		CA050_DANRE
Q502K3	ankrd52	ANR52_DANRE
Q502M6	ankrd29	ANR29_DANRE
Q503U1	lyrm5a	LYM5A_DANRE
Q566Z6	prr15lb	P15LB_DANRE
Q567C3		CA074_DANRE
Q567I4	plcxd1	PLCX1_DANRE
Q568G4	efcab11	EFC11_DANRE
Q592E4	ctxn2	CTXN2_DANRE
Q5BJC4		CH033_DANRE
Q5BKW8	smim12	SIM12_DANRE
Q5EB20	ripor3	RIPR3_DANRE
Q5PR55		CL029_DANRE
Q5RFZ7	fam167a	F167A_DANRE
Q5RGB8	klhl26	KLH26_DANRE
Q5RGP9	ccdc59	TAP26_DANRE
Q5RGZ1	cdpf1	CDPF1_DANRE
Q5RIM0	lyrm2	LYRM2_DANRE
Q5TYP4		CA112_DANRE
Q5TYP8		STUM_DANRE
Q66I59	aspdh	ASPDH_DANRE
Q66I68	cnfn	CNFN_DANRE
Q66I74	mettl26b	ML26B_DANRE
Q66IB8		CB076_DANRE
Q6AXJ3	dexi	DEXI_DANRE
Q6DBX0	mfsd6l	MFS6L_DANRE
Q6DC60	fam219a	F219A_DANRE
Q6DC75	tmem267	TM267_DANRE
Q6DEF4	lysmd2	LYSM2_DANRE
Q6DGP7	lyrm1	LYRM1_DANRE
Q6DGQ4		CP087_DANRE
Q6DHL5	lrrc57	LRC57_DANRE
Q6DHP6	narf	NARF_DANRE
Q6DI40	ttc33	TTC33_DANRE
Q6GMK7	sh3bgrl2	SH3L2_DANRE
Q6GQN7	rabepk	RABEK_DANRE
Q6IV56	rnf141	RN141_DANRE
Q6NSN1	lsm12b	LS12B_DANRE
Q6NWH0		CK068_DANRE
Q6NXA8		CE024_DANRE
Q6NYT3	ier5l	IER5L_DANRE
Q6NZW0	ccdc102a	C102A_DANRE
Q6P2T7		CD033_DANRE
Q6P5J6	lrrc42	LRC42_DANRE
Q6PBM8	rbm18	RBM18_DANRE
Q6PBU0	fam136a	F136A_DANRE
Q6PFS2	Prorsd1	PRXD1_DANRE
Q6TGV7	abracl	ABRAL_DANRE
Q6TH01		C10_DANRE
Q6TNT2	ankrd46	ANR46_DANRE
Q7SYC7		T185L_DANRE
Q7SZF1		CE022_DANRE
Q7T012	hdhd3	HDHD3_DANRE
Q7T2B3	slx4ip	SLX4I_DANRE
Q7ZVJ8	mettl26	MTL26_DANRE
Q803H0		CG025_DANRE
